Adana#Aladağ#Aladağ
Adana#Aladağ#Madenli
Adana#Ceyhan#Büyükmangıt
Adana#Ceyhan#Ceyhan
Adana#Ceyhan#Mustafabeyli
Adana#Çukurova#Huzurevleri
Adana#Çukurova#Mahfesığmaz
Adana#Çukurova#Salbaş
Adana#Feke#Akkaya
Adana#Feke#Feke
Adana#İmamoğlu#İmamoğlu
Adana#İmamoğlu#Saygeçit
Adana#Karaisalı#Karaisalı
Adana#Karataş#Karataş
Adana#Kozan#Hacıbeyli
Adana#Kozan#Kahveli
Adana#Kozan#Kozan
Adana#Pozantı#Akçatekir
Adana#Pozantı#Gökbez
Adana#Pozantı#Pozantı
Adana#Saimbeyli#Saimbeyli
Adana#Sarıçam#Baklalı
Adana#Sarıçam#Buruk
Adana#Sarıçam#İncirlik
Adana#Sarıçam#Osmangazi
Adana#Sarıçam#Remzioğuzarık
Adana#Seyhan#Akkapı
Adana#Seyhan#Denizli
Adana#Seyhan#Emek
Adana#Seyhan#Fevzipaşa
Adana#Seyhan#Gazipaşa
Adana#Seyhan#Gülbahçesi
Adana#Seyhan#Gürselpaşa
Adana#Seyhan#Hadırlı
Adana#Seyhan#Hükümet
Adana#Seyhan#Karayusuflu
Adana#Seyhan#Kuruköprü
Adana#Seyhan#Küçükdikili
Adana#Seyhan#Mavi bulvar yurt
Adana#Seyhan#Meydan
Adana#Seyhan#Saydam
Adana#Seyhan#Şakirpaşa
Adana#Seyhan#Yağcami
Adana#Seyhan#Yeşilevler
Adana#Seyhan#Yeşiloba
Adana#Seyhan#Yeşilyurt
Adana#Seyhan#Ziyapaşa
Adana#Tufanbeyli#Damlalı
Adana#Tufanbeyli#Tufanbeyli
Adana#Yumurtalık#Kalemli
Adana#Yumurtalık#Yumurtalık
Adana#Yüreğir#Abdioğlu
Adana#Yüreğir#Alihocalı
Adana#Yüreğir#Bahçelievler
Adana#Yüreğir#Doğankent
Adana#Yüreğir#Havutlu
Adana#Yüreğir#İncirlik
Adana#Yüreğir#Karacaoğlan
Adana#Yüreğir#Karşıyaka
Adana#Yüreğir#Kazımkarabekir
Adana#Yüreğir#Keresteciler
Adana#Yüreğir#Pttevleri
Adana#Yüreğir#Yakapınar
Adana#Yüreğir#Yamaçlı
Adana#Yüreğir#Yavuzlar
Adıyaman#Besni#Besni
Adıyaman#Besni#Çakırhüyük
Adıyaman#Besni#Merkezköyler
Adıyaman#Besni#Suvarlı
Adıyaman#Besni#Şambayat
Adıyaman#Çelikhan#Çelikhan
Adıyaman#Çelikhan#Merkezköyler
Adıyaman#Gerger#Gerger
Adıyaman#Gerger#Merkezköyler
Adıyaman#Gölbaşı#Belören
Adıyaman#Gölbaşı#Gölbaşı
Adıyaman#Gölbaşı#Harmanlı
Adıyaman#Gölbaşı#Merkezköyler
Adıyaman#Kahta#Akıncılar
Adıyaman#Kahta#Kahta
Adıyaman#Kahta#Merkezköyler
Adıyaman#Merkez#Akpınar
Adıyaman#Merkez#Eskisaray
Adıyaman#Merkez#İmamağa
Adıyaman#Merkez#Kömür
Adıyaman#Merkez#Kuyucak
Adıyaman#Merkez#Merkez köyler
Adıyaman#Merkez#Sümerevler
Adıyaman#Merkez#Yenisanayi
Adıyaman#Samsat#Merkezköyler
Adıyaman#Samsat#Samsat
Adıyaman#Sincik#Merkezköyler
Adıyaman#Sincik#Sincik
Adıyaman#Tut#Merkezköyler
Adıyaman#Tut#Tut
Afyonkarahisar#Başmakçı#Başmakçı
Afyonkarahisar#Başmakçı#Merkezköyler
Afyonkarahisar#Bayat#Bayat
Afyonkarahisar#Bayat#Merkezköyler
Afyonkarahisar#Bolvadin#Bolvadin
Afyonkarahisar#Bolvadin#Merkezköyler
Afyonkarahisar#Çay#Çay
Afyonkarahisar#Çay#Karacaören
Afyonkarahisar#Çay#Merkezköyler
Afyonkarahisar#Çobanlar#Çobanlar
Afyonkarahisar#Çobanlar#Merkezköyler
Afyonkarahisar#Dazkırı#Dazkırı
Afyonkarahisar#Dazkırı#Merkezköyler
Afyonkarahisar#Dinar#Dinar
Afyonkarahisar#Dinar#Haydarlı
Afyonkarahisar#Dinar#Merkezköyler
Afyonkarahisar#Dinar#Tatarlı
Afyonkarahisar#Emirdağ#Emirdağ
Afyonkarahisar#Emirdağ#Merkezköyler
Afyonkarahisar#Evciler#Evciler
Afyonkarahisar#Evciler#Merkezköyler
Afyonkarahisar#Hocalar#Hocalar
Afyonkarahisar#Hocalar#Merkezköyler
Afyonkarahisar#İhsaniye#Döğer
Afyonkarahisar#İhsaniye#İhsaniye
Afyonkarahisar#İhsaniye#Merkezköyler
Afyonkarahisar#İscehisar#İscehisar
Afyonkarahisar#İscehisar#Merkezköyler
Afyonkarahisar#Kızılören#Kızılören
Afyonkarahisar#Kızılören#Merkezköyler
Afyonkarahisar#Merkez#Adliye
Afyonkarahisar#Merkez#Çarşı
Afyonkarahisar#Merkez#Fatih
Afyonkarahisar#Merkez#Kale
Afyonkarahisar#Merkez#Merkezköyler
Afyonkarahisar#Merkez#Uydukent
Afyonkarahisar#Sandıklı#Merkezköyler
Afyonkarahisar#Sandıklı#Sandıklı
Afyonkarahisar#Sinanpaşa#Merkezköyler
Afyonkarahisar#Sinanpaşa#Sinanpaşa
Afyonkarahisar#Sinanpaşa#Taşoluk
Afyonkarahisar#Sinanpaşa#Tınaztepe
Afyonkarahisar#Sultandağı#Merkezköyler
Afyonkarahisar#Sultandağı#Sultandağı
Afyonkarahisar#Şuhut#Karaadilli
Afyonkarahisar#Şuhut#Merkezköyler
Afyonkarahisar#Şuhut#Şuhut
Ağrı#Diyadin#Diyadin
Ağrı#Diyadin#Merkezköyler
Ağrı#Doğubayazıt#Doğubayazıt
Ağrı#Doğubayazıt#Merkezköyler
Ağrı#Eleşkirt#Eleşkirt
Ağrı#Eleşkirt#Merkezköyler
Ağrı#Eleşkirt#Tahir
Ağrı#Hamur#Hamur
Ağrı#Hamur#Merkezköyler
Ağrı#Merkez#Fevziçakmak
Ağrı#Merkez#Kazımkarabekir
Ağrı#Merkez#Merkezköyler
Ağrı#Patnos#Dedeli
Ağrı#Patnos#Merkezköyler
Ağrı#Patnos#Patnos
Ağrı#Patnos#Sarısu
Ağrı#Taşlıçay#Merkezköyler
Ağrı#Taşlıçay#Taşlıçay
Ağrı#Tutak#Merkezköyler
Ağrı#Tutak#Tutak
Aksaray#Ağaçören#Ağaçören
Aksaray#Ağaçören#Merkezköyler
Aksaray#Eskil#Eskil
Aksaray#Eskil#Merkezköyler
Aksaray#Gülağaç#Gülağaç
Aksaray#Gülağaç#Merkezköyler
Aksaray#Güzelyurt#Güzelyurt
Aksaray#Güzelyurt#Merkezköyler
Aksaray#Merkez#Bağlıkaya
Aksaray#Merkez#Çarşı
Aksaray#Merkez#Helvadere
Aksaray#Merkez#Merkezköyler
Aksaray#Merkez#Sanayi
Aksaray#Merkez#Taşpınar
Aksaray#Merkez#Yeşilova
Aksaray#Ortaköy#Balcı
Aksaray#Ortaköy#Merkezköyler
Aksaray#Ortaköy#Ortaköy
Aksaray#Sarıyahşi#Merkezköyler
Aksaray#Sarıyahşi#Sarıyahşi
Aksaray#Sultanhanı#Sultanhanı
Amasya#Göynücek#Göynücek
Amasya#Göynücek#Merkezköyler
Amasya#Gümüşhacıköy#Gümüşhacıköy
Amasya#Gümüşhacıköy#Merkezköyler
Amasya#Hamamözü#Hamamözü
Amasya#Hamamözü#Merkezköyler
Amasya#Merkez#Dereboyu
Amasya#Merkez#Gen.hikmetakıncı
Amasya#Merkez#Gökmedrese
Amasya#Merkez#Merkezköyler
Amasya#Merzifon#Merzifon
Amasya#Suluova#Merkezköyler
Amasya#Suluova#Suluova
Amasya#Taşova#Merkezköyler
Amasya#Taşova#Taşova
Ankara#Akyurt#Akyurt
Ankara#Altındağ#Altındağ
Ankara#Altındağ#Aydınlıkevler
Ankara#Altındağ#Hasköy
Ankara#Altındağ#İskitler
Ankara#Altındağ#Karacaören
Ankara#Altındağ#Samanpazarı
Ankara#Altındağ#Ulubey
Ankara#Altındağ#Ulus
Ankara#Ayaş#Ayaş
Ankara#Bala#Bala
Ankara#Beypazarı#Beypazarı
Ankara#Çamlıdere#Çamlıdere
Ankara#Çankaya#100.yıl
Ankara#Çankaya#Ahlatlıbel
Ankara#Çankaya#Bahçelievler
Ankara#Çankaya#Balgat
Ankara#Çankaya#Bilkent
Ankara#Çankaya#Birlik
Ankara#Çankaya#Cebeci
Ankara#Çankaya#Çankaya
Ankara#Çankaya#Çayyolu
Ankara#Çankaya#Dikmen
Ankara#Çankaya#Esat
Ankara#Çankaya#Karataş
Ankara#Çankaya#Kavaklıdere
Ankara#Çankaya#Maltepe
Ankara#Çankaya#Öveçler
Ankara#Çankaya#Yenişehir
Ankara#Çankaya#Yıldız
Ankara#Çankaya#Zafertepe
Ankara#Çubuk#Çubuk
Ankara#Elmadağ#Elmadağ
Ankara#Elmadağ#Hasanoğlan
Ankara#Etimesgut#30ağustos
Ankara#Etimesgut#Bahçekapı
Ankara#Etimesgut#Elvankent
Ankara#Etimesgut#Eryamanevleri
Ankara#Etimesgut#Etimesgut
Ankara#Etimesgut#Göksu
Ankara#Etimesgut#Güzelkent
Ankara#Etimesgut#Yurtçu
Ankara#Evren#Evren
Ankara#Gölbaşı#Gölbaşı
Ankara#Güdül#Güdül
Ankara#Haymana#Haymana
Ankara#Kahramankazan#Kazan
Ankara#Kalecik#Kalecik
Ankara#Keçiören#Aktepe
Ankara#Keçiören#Bağlum
Ankara#Keçiören#Esertepe
Ankara#Keçiören#Etlik
Ankara#Keçiören#Hasköy s.evleri
Ankara#Keçiören#Kalaba
Ankara#Keçiören#Sanatoryum
Ankara#Keçiören#Şenlik
Ankara#Keçiören#Ufuktepe
Ankara#Kızılcahamam#Kızılcahamam
Ankara#Mamak#Abidinpaşa
Ankara#Mamak#Akdere
Ankara#Mamak#Boğaziçi
Ankara#Mamak#Demirlibahçe
Ankara#Mamak#Gülveren
Ankara#Mamak#Hüseyingazi
Ankara#Mamak#Kayaş
Ankara#Mamak#Lalahan
Ankara#Mamak#Mamak
Ankara#Nallıhan#Nallıhan
Ankara#Polatlı#Polatlı
Ankara#Pursaklar#Pursaklar
Ankara#Sincan#Ahievran
Ankara#Sincan#Fatih
Ankara#Sincan#Sincan
Ankara#Sincan#Temelli
Ankara#Sincan#Yenikent
Ankara#Şereflikoçhisar#Şereflikoçhisar
Ankara#Yenimahalle#A.o.çiftliği
Ankara#Yenimahalle#Batıkent
Ankara#Yenimahalle#Demetevler
Ankara#Yenimahalle#İvedik osb
Ankara#Yenimahalle#Karşıyaka
Ankara#Yenimahalle#Macunköy
Ankara#Yenimahalle#Ostim
Ankara#Yenimahalle#Şentepe
Ankara#Yenimahalle#Yenimahalle
Antalya#Akseki#Akseki
Antalya#Akseki#Cevizli
Antalya#Aksu#Aksu
Antalya#Alanya#Alanya
Antalya#Alanya#Avsallar
Antalya#Alanya#Demirtaş
Antalya#Alanya#Kestel
Antalya#Alanya#Mahmutlar
Antalya#Demre#Davazlar
Antalya#Demre#Demre
Antalya#Demre#Kale
Antalya#Döşemealtı#Döşemealtı
Antalya#Elmalı#Akçay
Antalya#Elmalı#Elmalı
Antalya#Finike#Finike
Antalya#Gazipaşa#Gazipaşa
Antalya#Gündoğmuş#Gündoğmuş
Antalya#İbradı#Aydınkent
Antalya#Kaş#Cemre
Antalya#Kaş#Gömbe
Antalya#Kaş#Kalkan
Antalya#Kaş#Kaş
Antalya#Kaş#Kınık
Antalya#Kaş#Ova
Antalya#Kaş#Yeşilköy
Antalya#Kemer#Beldibi
Antalya#Kemer#Beycik
Antalya#Kemer#Çamyuva
Antalya#Kemer#Göynük
Antalya#Kemer#Kemer
Antalya#Kemer#Tekirova
Antalya#Kepez#Ahatlı
Antalya#Kepez#Altınova
Antalya#Kepez#Dokuma
Antalya#Kepez#Duraliler
Antalya#Kepez#Düdenbaşı
Antalya#Kepez#Erenköy
Antalya#Kepez#Sütçüler
Antalya#Kepez#Varsak
Antalya#Kepez#Yeniemek
Antalya#Konyaaltı#Arapsuyu
Antalya#Konyaaltı#Liman
Antalya#Korkuteli#Korkuteli
Antalya#Kumluca#Kumluca
Antalya#Kumluca#Mavikent
Antalya#Manavgat#Çolaklı
Antalya#Manavgat#Manavgat
Antalya#Manavgat#Side
Antalya#Manavgat#Taşağıl
Antalya#Muratpaşa#Bahçelievler
Antalya#Muratpaşa#Çarşı
Antalya#Muratpaşa#Eskisanayi
Antalya#Muratpaşa#Fener
Antalya#Muratpaşa#Gençlik
Antalya#Muratpaşa#Kızıltoprak
Antalya#Muratpaşa#Lara
Antalya#Muratpaşa#Meltem
Antalya#Muratpaşa#Meydankavağı
Antalya#Serik#Serik
Ardahan#Çıldır#Çıldır
Ardahan#Çıldır#Merkezköyler
Ardahan#Damal#Damal
Ardahan#Damal#Merkezköyler
Ardahan#Göle#Göle
Ardahan#Göle#Merkezköyler
Ardahan#Hanak#Hanak
Ardahan#Hanak#Merkezköyler
Ardahan#Merkez#Ardahan
Ardahan#Merkez#Hasköy
Ardahan#Merkez#Merkezköyler
Ardahan#Merkez#Yanlızçam
Ardahan#Posof#Merkezköyler
Ardahan#Posof#Posof
Artvin#Ardanuç#Ardanuç
Artvin#Ardanuç#Merkezköyler
Artvin#Arhavi#Arhavi
Artvin#Arhavi#Merkezköyler
Artvin#Borçka#Borçka
Artvin#Borçka#Merkezköyler
Artvin#Hopa#Hopa
Artvin#Hopa#Merkezköyler
Artvin#Kemalpaşa#Kemalpaşa
Artvin#Kemalpaşa#Merkezköyler
Artvin#Merkez#Artvin
Artvin#Merkez#Merkezköyler
Artvin#Murgul#Göktaş
Artvin#Murgul#Merkezköyler
Artvin#Şavşat#Şavşat
Artvin#Yusufeli#Merkezköyler
Artvin#Yusufeli#Yusufeli
Aydın#Bozdoğan#Bozdoğan
Aydın#Buharkent#Çubukdağı
Aydın#Çine#Çine
Aydın#Didim#Akyeniköy
Aydın#Didim#Yenihisar
Aydın#Efeler#Çarşı
Aydın#Efeler#Kurtuluş
Aydın#Efeler#Sanayi
Aydın#Efeler#Umurlu
Aydın#Germencik#Germencik
Aydın#Germencik#Ortaklar
Aydın#İncirliova#İncirliova
Aydın#Karacasu#Karacasu
Aydın#Karpuzlu#Karpuzlu
Aydın#Koçarlı#Koçarlı
Aydın#Köşk#Köşk
Aydın#Kuşadası#Kuşadası
Aydın#Kuyucak#Kuyucak
Aydın#Nazilli#Nazilli
Aydın#Nazilli#Sümer
Aydın#Söke#Söke
Aydın#Sultanhisar#Sultanhisar
Aydın#Yenipazar#Yenipazar
Balıkesir#Altıeylül#Altıeylül
Balıkesir#Altıeylül#Ertuğrul
Balıkesir#Altıeylül#Gündoğan
Balıkesir#Altıeylül#Konakpınar
Balıkesir#Altıeylül#Pamukçu
Balıkesir#Altıeylül#Plevne
Balıkesir#Ayvalık#Alibeyadası
Balıkesir#Ayvalık#Altınova
Balıkesir#Ayvalık#Ayvalık
Balıkesir#Ayvalık#Küçükköy
Balıkesir#Balya#Balya
Balıkesir#Balya#Patlak
Balıkesir#Bandırma#Aksakal
Balıkesir#Bandırma#Bandırma
Balıkesir#Bandırma#Doğruca
Balıkesir#Bandırma#Edincik
Balıkesir#Bigadiç#Bigadiç
Balıkesir#Bigadiç#Çağış
Balıkesir#Bigadiç#Salmanlı
Balıkesir#Burhaniye#Burhaniye
Balıkesir#Burhaniye#Çoruk
Balıkesir#Burhaniye#Pelitköy
Balıkesir#Dursunbey#Dursunbey
Balıkesir#Dursunbey#Hacılar
Balıkesir#Edremit#Akçay
Balıkesir#Edremit#Altınoluk
Balıkesir#Edremit#Edremit
Balıkesir#Erdek#Belkıs
Balıkesir#Erdek#Erdek
Balıkesir#Gömeç#Dursunlu
Balıkesir#Gömeç#Gömeç
Balıkesir#Gömeç#Karaağaç
Balıkesir#Gönen#Gönen
Balıkesir#Gönen#Hasanbey
Balıkesir#Gönen#Sarıköy
Balıkesir#Havran#Havran
Balıkesir#Havran#Temaşalık
Balıkesir#İvrindi#Büyükyenice
Balıkesir#İvrindi#Gökçeyazı
Balıkesir#İvrindi#İvrindi
Balıkesir#İvrindi#Kayapa
Balıkesir#İvrindi#Korucu
Balıkesir#İvrindi#Sarıca
Balıkesir#Karesi#Atatürk
Balıkesir#Karesi#Karesi
Balıkesir#Karesi#Sakarya
Balıkesir#Karesi#Şamlı
Balıkesir#Kepsut#Kepsut
Balıkesir#Kepsut#Servet
Balıkesir#Manyas#Kayaca
Balıkesir#Manyas#Manyas
Balıkesir#Marmara#Avşa
Balıkesir#Marmara#Marmara
Balıkesir#Savaştepe#Karaçam
Balıkesir#Savaştepe#Sarıbeyler
Balıkesir#Savaştepe#Savaştepe
Balıkesir#Sındırgı#Mandıra
Balıkesir#Sındırgı#Sındırgı
Balıkesir#Susurluk#Göbel
Balıkesir#Susurluk#Kayıkçı
Balıkesir#Susurluk#Susurluk
Bartın#Amasra#Amasra
Bartın#Amasra#Merkezköyler
Bartın#Kurucaşile#Kurucaşile
Bartın#Kurucaşile#Merkezköyler
Bartın#Merkez#Demirciler
Bartın#Merkez#Kozcağız
Bartın#Merkez#Merkezköyler
Bartın#Merkez#Yenisanayi
Bartın#Ulus#Kumluca
Bartın#Ulus#Merkezköyler
Bartın#Ulus#Ulus
Batman#Beşiri#Beşiri
Batman#Beşiri#Merkezköyler
Batman#Gercüş#Gercüş
Batman#Gercüş#Merkezköyler
Batman#Hasankeyf#Hasankeyf
Batman#Hasankeyf#Merkezköyler
Batman#Kozluk#Kozluk
Batman#Kozluk#Merkezköyler
Batman#Merkez#Çarşı
Batman#Merkez#Gap
Batman#Merkez#Kültür
Batman#Merkez#Merkezköyler
Batman#Merkez#Petrol
Batman#Sason#Merkezköyler
Batman#Sason#Sason
Bayburt#Aydıntepe#Aydıntepe
Bayburt#Aydıntepe#Merkezköyler
Bayburt#Demirözü#Demirözü
Bayburt#Demirözü#Merkezköyler
Bayburt#Merkez#Bayburt
Bayburt#Merkez#Maden
Bayburt#Merkez#Merkezköyler
Bilecik#Bozüyük#Bozüyük
Bilecik#Bozüyük#Dodurga
Bilecik#Bozüyük#Merkezköyler
Bilecik#Gölpazarı#Gölpazarı
Bilecik#Gölpazarı#Merkezköyler
Bilecik#İnhisar#İnhisar
Bilecik#İnhisar#Merkezköyler
Bilecik#Merkez#Bilecik
Bilecik#Merkez#Merkezköyler
Bilecik#Osmaneli#Osmaneli
Bilecik#Pazaryeri#Merkezköyler
Bilecik#Pazaryeri#Pazaryeri
Bilecik#Söğüt#Merkezköyler
Bilecik#Söğüt#Söğüt
Bilecik#Yenipazar#Merkezköyler
Bilecik#Yenipazar#Yenipazar
Bingöl#Adaklı#Adaklı
Bingöl#Adaklı#Merkezköyler
Bingöl#Genç#Genç
Bingöl#Genç#Merkezköyler
Bingöl#Karlıova#Karlıova
Bingöl#Karlıova#Merkezköyler
Bingöl#Kiğı#Kiğı
Bingöl#Kiğı#Merkezköyler
Bingöl#Merkez#Ağaçeli
Bingöl#Merkez#Bingöl
Bingöl#Merkez#Merkezköyler
Bingöl#Merkez#Sancak
Bingöl#Solhan#Merkezköyler
Bingöl#Solhan#Solhan
Bingöl#Yayladere#Merkezköyler
Bingöl#Yayladere#Yayladere
Bingöl#Yedisu#Merkezköyler
Bingöl#Yedisu#Yedisu
Bitlis#Adilcevaz#Adilcevaz
Bitlis#Adilcevaz#Merkezköyler
Bitlis#Ahlat#Ahlat
Bitlis#Ahlat#Merkezköyler
Bitlis#Ahlat#Ovakışla
Bitlis#Güroymak#Güroymak
Bitlis#Güroymak#Merkezköyler
Bitlis#Hizan#Hizan
Bitlis#Hizan#Merkezköyler
Bitlis#Merkez#Bitlis
Bitlis#Merkez#Bölükyazı
Bitlis#Merkez#Merkezköyler
Bitlis#Mutki#Geyikpınar
Bitlis#Mutki#Merkezköyler
Bitlis#Mutki#Meydan
Bitlis#Mutki#Mutki
Bitlis#Tatvan#Merkezköyler
Bitlis#Tatvan#Tatvan
Bitlis#Tatvan#Yelkenli
Bolu#Dörtdivan#Dörtdivan
Bolu#Dörtdivan#Merkezköyler
Bolu#Gerede#Gerede
Bolu#Gerede#Merkezköyler
Bolu#Göynük#Göynük
Bolu#Göynük#Merkezköyler
Bolu#Kıbrıscık#Kıbrıscık
Bolu#Kıbrıscık#Merkezköyler
Bolu#Mengen#Gökçesu
Bolu#Mengen#Mengen
Bolu#Mengen#Merkezköyler
Bolu#Merkez#Aşağısoku
Bolu#Merkez#İhsaniye
Bolu#Merkez#Karacasu
Bolu#Merkez#Karamanlı
Bolu#Merkez#Merkezköyler
Bolu#Mudurnu#Mudurnu
Bolu#Seben#Merkezköyler
Bolu#Seben#Seben
Bolu#Yeniçağa#Merkezköyler
Bolu#Yeniçağa#Yeniçağa
Burdur#Ağlasun#Ağlasun
Burdur#Ağlasun#Merkezköyler
Burdur#Altınyayla#Dirmil
Burdur#Altınyayla#Merkezköyler
Burdur#Bucak#Bucak
Burdur#Bucak#Kızılkaya
Burdur#Bucak#Kocaaliler
Burdur#Bucak#Merkezköyler
Burdur#Çavdır#Çavdır
Burdur#Çavdır#Merkezköyler
Burdur#Çeltikçi#Çeltikçi
Burdur#Çeltikçi#Merkezköyler
Burdur#Gölhisar#Gölhisar
Burdur#Gölhisar#Merkezköyler
Burdur#Karamanlı#Karamanlı
Burdur#Karamanlı#Merkezköyler
Burdur#Kemer#Kemer
Burdur#Kemer#Merkezköyler
Burdur#Merkez#Bahçelievler
Burdur#Merkez#Çeşmedamı
Burdur#Merkez#Merkezköyler
Burdur#Merkez#Sanayi
Burdur#Merkez#Yenice
Burdur#Tefenni#Merkezköyler
Burdur#Tefenni#Tefenni
Burdur#Yeşilova#Merkezköyler
Burdur#Yeşilova#Yeşilova
Bursa#Büyükorhan#Büyükorhan
Bursa#Gemlik#Gemlik
Bursa#Gürsu#Gürsu
Bursa#Harmancık#Harmancık
Bursa#İnegöl#İnegöl
Bursa#İznik#İznik
Bursa#Karacabey#Karacabey
Bursa#Keles#Keles
Bursa#Kestel#Kestel
Bursa#Mudanya#Mudanya
Bursa#Mustafakemalpaşa#Mustafakemalpaşa
Bursa#Nilüfer#Alaattinbey
Bursa#Nilüfer#Altınşehir
Bursa#Nilüfer#Ataevler
Bursa#Nilüfer#Balat
Bursa#Nilüfer#Beşevler
Bursa#Nilüfer#Çalı
Bursa#Nilüfer#Ertuğrul
Bursa#Nilüfer#Görükle
Bursa#Nilüfer#Hasanağa
Bursa#Nilüfer#İhsaniye
Bursa#Nilüfer#İzmiryolboyu
Bursa#Nilüfer#Konak
Bursa#Nilüfer#Nilüferköy
Bursa#Nilüfer#Nosab
Bursa#Nilüfer#Organizesanayi
Bursa#Nilüfer#Üçevler
Bursa#Orhaneli#Orhaneli
Bursa#Orhangazi#Orhangazi
Bursa#Osmangazi#Alemdar
Bursa#Osmangazi#Altıparmak
Bursa#Osmangazi#Bağlarbaşı
Bursa#Osmangazi#Bahar
Bursa#Osmangazi#Balıklı
Bursa#Osmangazi#Çarşı
Bursa#Osmangazi#Çekirge
Bursa#Osmangazi#Demirtaş
Bursa#Osmangazi#Dosab
Bursa#Osmangazi#Emek
Bursa#Osmangazi#Hamitler
Bursa#Osmangazi#Hisar
Bursa#Osmangazi#Hüdavendigar
Bursa#Osmangazi#Hürriyet
Bursa#Osmangazi#Küplüpınar
Bursa#Osmangazi#Maksem
Bursa#Osmangazi#Osmangaziköy
Bursa#Osmangazi#Ovaakça
Bursa#Osmangazi#Panayır
Bursa#Osmangazi#Ulumahalle
Bursa#Osmangazi#Yunuseli
Bursa#Yenişehir#Yenişehir
Bursa#Yıldırım#Arabayatağı
Bursa#Yıldırım#Beyazıt
Bursa#Yıldırım#Davutkadı
Bursa#Yıldırım#Duaçınar
Bursa#Yıldırım#Esenevler
Bursa#Yıldırım#Ortabağlar
Bursa#Yıldırım#Setbaşı
Bursa#Yıldırım#Yıldırım
Çanakkale#Ayvacık#Ayvacık
Çanakkale#Ayvacık#Küçükkuyu
Çanakkale#Ayvacık#Merkezköyler
Çanakkale#Bayramiç#Bayramiç
Çanakkale#Bayramiç#Evciler
Çanakkale#Bayramiç#Merkezköyler
Çanakkale#Bayramiç#Yiğitler
Çanakkale#Biga#Biga
Çanakkale#Biga#Gümüşçay
Çanakkale#Biga#Karabiga
Çanakkale#Biga#Merkezköyler
Çanakkale#Bozcaada#Bozcaada
Çanakkale#Çan#Çan
Çanakkale#Çan#Merkezköyler
Çanakkale#Eceabat#Eceabat
Çanakkale#Eceabat#Merkezköyler
Çanakkale#Ezine#Ezine
Çanakkale#Ezine#Geyikli
Çanakkale#Ezine#Merkezköyler
Çanakkale#Gelibolu#Evreşe
Çanakkale#Gelibolu#Gelibolu
Çanakkale#Gelibolu#Merkezköyler
Çanakkale#Gökçeada#İmroz
Çanakkale#Gökçeada#Merkezköyler
Çanakkale#Lapseki#Lapseki
Çanakkale#Lapseki#Merkezköyler
Çanakkale#Lapseki#Umurbey
Çanakkale#Merkez#Barbaros
Çanakkale#Merkez#Cevatpaşa
Çanakkale#Merkez#Kepez
Çanakkale#Merkez#Merkezköyler
Çanakkale#Yenice#Kalkım
Çanakkale#Yenice#Merkezköyler
Çanakkale#Yenice#Yenice
Çankırı#Atkaracalar#Atkaracalar
Çankırı#Atkaracalar#Merkezköyler
Çankırı#Bayramören#Bayramören
Çankırı#Bayramören#Merkezköyler
Çankırı#Çerkeş#Çerkeş
Çankırı#Çerkeş#Merkezköyler
Çankırı#Eldivan#Eldivan
Çankırı#Eldivan#Merkezköyler
Çankırı#Ilgaz#Ilgaz
Çankırı#Ilgaz#Merkezköyler
Çankırı#Kızılırmak#Kızılırmak
Çankırı#Kızılırmak#Merkezköyler
Çankırı#Korgun#Korgun
Çankırı#Korgun#Merkezköyler
Çankırı#Kurşunlu#Kurşunlu
Çankırı#Kurşunlu#Merkezköyler
Çankırı#Merkez#Çarşı
Çankırı#Merkez#Merkezköyler
Çankırı#Merkez#Taşmescit
Çankırı#Orta#Merkezköyler
Çankırı#Orta#Orta
Çankırı#Şabanözü#Merkezköyler
Çankırı#Şabanözü#Şabanözü
Çankırı#Yapraklı#Merkezköyler
Çankırı#Yapraklı#Yapraklı
Çorum#Alaca#Alaca
Çorum#Alaca#Merkezköyler
Çorum#Bayat#Bayat
Çorum#Bayat#Merkezköyler
Çorum#Boğazkale#Boğazkale
Çorum#Boğazkale#Merkezköyler
Çorum#Dodurga#Dodurga
Çorum#Dodurga#Merkezköyler
Çorum#İskilip#İskilip
Çorum#İskilip#Merkezköyler
Çorum#Kargı#Kargı
Çorum#Kargı#Merkezköyler
Çorum#Laçin#Laçin
Çorum#Laçin#Merkezköyler
Çorum#Mecitözü#Mecitözü
Çorum#Mecitözü#Merkezköyler
Çorum#Merkez#Gülabibey
Çorum#Merkez#Karakeçili
Çorum#Merkez#Merkezköyler
Çorum#Merkez#Ulukavak
Çorum#Merkez#Yeniyol
Çorum#Oğuzlar#Karaören
Çorum#Oğuzlar#Merkezköyler
Çorum#Ortaköy#Ortaköy
Çorum#Osmancık#Merkezköyler
Çorum#Osmancık#Osmancık
Çorum#Sungurlu#Merkezköyler
Çorum#Sungurlu#Sungurlu
Çorum#Uğurludağ#Merkezköyler
Çorum#Uğurludağ#Uğurludağ
Denizli#Acıpayam#Acıpayam
Denizli#Babadağ#Babadağ
Denizli#Baklan#Baklan
Denizli#Bekilli#Bekilli
Denizli#Beyağaç#Beyağaç
Denizli#Bozkurt#Bozkurt
Denizli#Buldan#Buldan
Denizli#Çal#Çal
Denizli#Çameli#Çameli
Denizli#Çardak#Çardak
Denizli#Çivril#Çivril
Denizli#Güney#Güney
Denizli#Honaz#Honaz
Denizli#Kale#Kale
Denizli#Merkezefendi#Adalet
Denizli#Merkezefendi#Gümüşler
Denizli#Merkezefendi#Saraylar
Denizli#Merkezefendi#Sümer
Denizli#Merkezefendi#Üçler
Denizli#Merkezefendi#Üzerlik
Denizli#Pamukkale#Akköy
Denizli#Pamukkale#Çeşmebaşı
Denizli#Pamukkale#İstiklal
Denizli#Pamukkale#Karşıyaka
Denizli#Pamukkale#Kınıklı
Denizli#Sarayköy#Sarayköy
Denizli#Serinhisar#Serinhisar
Denizli#Tavas#Tavas
Diyarbakır#Bağlar#Alipınar
Diyarbakır#Bağlar#Körhat
Diyarbakır#Bağlar#Selahattineyyubi
Diyarbakır#Bismil#Bismil
Diyarbakır#Çermik#Çermik
Diyarbakır#Çınar#Çınar
Diyarbakır#Çüngüş#Çüngüş
Diyarbakır#Dicle#Dicle
Diyarbakır#Eğil#Eğil
Diyarbakır#Ergani#Ergani
Diyarbakır#Hani#Hani
Diyarbakır#Hazro#Hazro
Diyarbakır#Kayapınar#Kayapınar
Diyarbakır#Kocaköy#Kocaköy
Diyarbakır#Kulp#Kulp
Diyarbakır#Lice#Lice
Diyarbakır#Silvan#Silvan
Diyarbakır#Sur#Balıkçılarbaşı
Diyarbakır#Sur#Suriçi
Diyarbakır#Yenişehir#Cumhuriyet
Diyarbakır#Yenişehir#Şehitlik
Diyarbakır#Yenişehir#Yenişehir
Düzce#Akçakoca#Akçakoca
Düzce#Akçakoca#Merkezköyler
Düzce#Cumayeri#Cumayeri
Düzce#Cumayeri#Merkezköyler
Düzce#Çilimli#Çilimli
Düzce#Çilimli#Merkezköyler
Düzce#Gölyaka#Gölyaka
Düzce#Gölyaka#Merkez köyler
Düzce#Gümüşova#Gümüşova
Düzce#Gümüşova#Merkezköyler
Düzce#Kaynaşlı#Kaynaşlı
Düzce#Kaynaşlı#Merkezköyler
Düzce#Merkez#Aziziyegünlü
Düzce#Merkez#Beyciler
Düzce#Merkez#Beyköy
Düzce#Merkez#Boğaziçi
Düzce#Merkez#Kalıcıkonutlar
Düzce#Merkez#Konuralp
Düzce#Yığılca#Merkezköyler
Düzce#Yığılca#Yığılca
Edirne#Enez#Enez
Edirne#Enez#Merkezköyler
Edirne#Havsa#Hasköy
Edirne#Havsa#Havsa
Edirne#Havsa#Merkezköyler
Edirne#İpsala#İpsala
Edirne#İpsala#Merkezköyler
Edirne#Keşan#Keşan
Edirne#Keşan#Mecidiye
Edirne#Keşan#Merkezköyler
Edirne#Keşan#Yerlisu
Edirne#Lalapaşa#Lalapaşa
Edirne#Lalapaşa#Merkezköyler
Edirne#Meriç#Küplü
Edirne#Meriç#Meriç
Edirne#Meriç#Merkezköyler
Edirne#Merkez#Edirne
Edirne#Merkez#Merkezköyler
Edirne#Süloğlu#Süloğlu
Edirne#Uzunköprü#Aşçıoğlu
Edirne#Uzunköprü#Çöpköy
Edirne#Uzunköprü#Hamidiye
Edirne#Uzunköprü#Kırcasalih
Edirne#Uzunköprü#Merkezköyler
Edirne#Uzunköprü#Uzunköprü
Elazığ#Ağın#Ağın
Elazığ#Ağın#Merkezköyler
Elazığ#Alacakaya#Alacakaya
Elazığ#Alacakaya#Merkezköyler
Elazığ#Arıcak#Arıcak
Elazığ#Arıcak#Merkezköyler
Elazığ#Baskil#Baskil
Elazığ#Baskil#Merkezköyler
Elazığ#Karakoçan#Karakoçan
Elazığ#Karakoçan#Merkezköyler
Elazığ#Keban#Keban
Elazığ#Keban#Merkezköyler
Elazığ#Kovancılar#Kovancılar
Elazığ#Kovancılar#Merkezköyler
Elazığ#Maden#Maden
Elazığ#Maden#Merkezköyler
Elazığ#Merkez#Abdullahpaşa
Elazığ#Merkez#Aksaray
Elazığ#Merkez#Doğukent
Elazığ#Merkez#Hankendi
Elazığ#Merkez#Harput
Elazığ#Merkez#İzzetpaşa
Elazığ#Merkez#Merkezköyler
Elazığ#Merkez#Mollakendi
Elazığ#Merkez#Mustafapaşa
Elazığ#Merkez#Nailbey
Elazığ#Merkez#Sürsürü
Elazığ#Palu#Beyhanı
Elazığ#Palu#Merkezköyler
Elazığ#Palu#Palu
Elazığ#Sivrice#Merkezköyler
Elazığ#Sivrice#Sivrice
Erzincan#Çayırlı#Çayırlı
Erzincan#Çayırlı#Merkezköyler
Erzincan#İliç#İliç
Erzincan#İliç#Merkezköyler
Erzincan#Kemah#Kemah
Erzincan#Kemah#Merkezköyler
Erzincan#Kemaliye#Başpınar
Erzincan#Kemaliye#Dutluca
Erzincan#Kemaliye#Kemaliye
Erzincan#Kemaliye#Merkezköyler
Erzincan#Merkez#Akşemsettin
Erzincan#Merkez#Bahçelievler
Erzincan#Merkez#Merkezköyler
Erzincan#Otlukbeli#Otlukbeli
Erzincan#Refahiye#Merkezköyler
Erzincan#Refahiye#Refahiye
Erzincan#Tercan#Merkezköyler
Erzincan#Tercan#Tercan
Erzincan#Üzümlü#Altınbaşak
Erzincan#Üzümlü#Merkezköyler
Erzincan#Üzümlü#Üzümlü
Erzurum#Aşkale#Aşkale
Erzurum#Aziziye#Ilıca
Erzurum#Çat#Çat
Erzurum#Hınıs#Hınıs
Erzurum#Horasan#Horasan
Erzurum#İspir#İspir
Erzurum#Karaçoban#Karaçoban
Erzurum#Karayazı#Karayazı
Erzurum#Köprüköy#Köprüköy
Erzurum#Narman#Narman
Erzurum#Oltu#Oltu
Erzurum#Olur#Olur
Erzurum#Palandöken#Palandöken
Erzurum#Palandöken#Yıldızkent
Erzurum#Pasinler#Pasinler
Erzurum#Pazaryolu#Pazaryolu
Erzurum#Şenkaya#Şenkaya
Erzurum#Tekman#Tekman
Erzurum#Tortum#Tortum
Erzurum#Uzundere#Uzundere
Erzurum#Yakutiye#Mumcu
Erzurum#Yakutiye#Terminal
Erzurum#Yakutiye#Yakutiye
Eskişehir#Alpu#Alpu
Eskişehir#Beylikova#Beylikova
Eskişehir#Çifteler#Çifteler
Eskişehir#Günyüzü#Günyüzü
Eskişehir#Han#Han
Eskişehir#İnönü#İnönü
Eskişehir#Mahmudiye#Mahmudiye
Eskişehir#Mihalgazi#Mihalgazi
Eskişehir#Mihalıççık#Dinek
Eskişehir#Odunpazarı#Alanönü
Eskişehir#Odunpazarı#Arifiye
Eskişehir#Odunpazarı#Büyükdere
Eskişehir#Odunpazarı#Emek
Eskişehir#Odunpazarı#Gökmeydan
Eskişehir#Odunpazarı#Huzur
Eskişehir#Odunpazarı#Kanlıpınar
Eskişehir#Odunpazarı#Kurtuluş
Eskişehir#Odunpazarı#Odunpazarıköy
Eskişehir#Odunpazarı#Orhangazi
Eskişehir#Odunpazarı#Sultandere
Eskişehir#Odunpazarı#Sümer
Eskişehir#Odunpazarı#Vadişehir
Eskişehir#Odunpazarı#Vişnelik
Eskişehir#Odunpazarı#Yenikent
Eskişehir#Sarıcakaya#Sarıcakaya
Eskişehir#Seyitgazi#Seyitgazi
Eskişehir#Sivrihisar#Sivrihisar
Eskişehir#Tepebaşı#Bahçelievler
Eskişehir#Tepebaşı#Cumhuriye
Eskişehir#Tepebaşı#Çamlıca
Eskişehir#Tepebaşı#Çukurhisar
Eskişehir#Tepebaşı#Fatih
Eskişehir#Tepebaşı#Fevziçakmak
Eskişehir#Tepebaşı#Hacıalibey
Eskişehir#Tepebaşı#Muttalip
Eskişehir#Tepebaşı#Sazova
Eskişehir#Tepebaşı#Tepebaşıköy
Eskişehir#Tepebaşı#Uluönder
Eskişehir#Tepebaşı#Yeşiltepe
Gaziantep#Araban#Araban
Gaziantep#İslahiye#İslahiye
Gaziantep#Karkamış#Karkamış
Gaziantep#Nizip#Nizip
Gaziantep#Nurdağı#Nurdağı
Gaziantep#Oğuzeli#Oğuzeli
Gaziantep#Oğuzeli#Yeşildere
Gaziantep#Şahinbey#Alaybey
Gaziantep#Şahinbey#Düztepe
Gaziantep#Şahinbey#Hoşgör
Gaziantep#Şahinbey#Karataş
Gaziantep#Şahinbey#Konak
Gaziantep#Şahinbey#Perilikaya
Gaziantep#Şahinbey#Şahinbey
Gaziantep#Şahinbey#Tabakhane
Gaziantep#Şehitkamil#Çıksorut
Gaziantep#Şehitkamil#Emek
Gaziantep#Şehitkamil#Gazikent
Gaziantep#Şehitkamil#İbrahimli
Gaziantep#Şehitkamil#İncilipınar
Gaziantep#Şehitkamil#Karşıyaka
Gaziantep#Şehitkamil#Küsget
Gaziantep#Şehitkamil#Merve
Gaziantep#Şehitkamil#Organize
Gaziantep#Şehitkamil#Şehitkamil
Gaziantep#Yavuzeli#Yavuzeli
Giresun#Alucra#Alucra
Giresun#Alucra#Merkezköyler
Giresun#Bulancak#Bulancak
Giresun#Bulancak#Kovanlık
Giresun#Bulancak#Merkezköyler
Giresun#Çamoluk#Çamoluk
Giresun#Çamoluk#Merkezköyler
Giresun#Çanakçı#Çanakçı
Giresun#Dereli#Dereli
Giresun#Dereli#Merkezköyler
Giresun#Doğankent#Doğankent
Giresun#Doğankent#Merkezköyler
Giresun#Espiye#Espiye
Giresun#Espiye#Merkezköyler
Giresun#Eynesil#Eynesil
Giresun#Eynesil#Merkezköyler
Giresun#Görele#Görele
Giresun#Görele#Merkezköyler
Giresun#Güce#Güce
Giresun#Güce#Merkezköyler
Giresun#Keşap#Keşap
Giresun#Keşap#Merkezköyler
Giresun#Merkez#Aksu
Giresun#Merkez#Batlama
Giresun#Merkez#Merkezköyler
Giresun#Piraziz#Piraziz
Giresun#Şebinkarahisar#Merkezköyler
Giresun#Şebinkarahisar#Şebinkarahisar
Giresun#Tirebolu#Merkezköyler
Giresun#Tirebolu#Tirebolu
Giresun#Yağlıdere#Merkezköyler
Giresun#Yağlıdere#Yağlıdere
Gümüşhane#Kelkit#Kelkit
Gümüşhane#Kelkit#Merkezköyler
Gümüşhane#Köse#Köse
Gümüşhane#Köse#Merkezköyler
Gümüşhane#Kürtün#Kürtün
Gümüşhane#Kürtün#Merkezköyler
Gümüşhane#Merkez#Gümüşhane
Gümüşhane#Merkez#Merkezköyler
Gümüşhane#Şiran#Şiran
Gümüşhane#Torul#Merkezköyler
Gümüşhane#Torul#Torul
Hakkari#Çukurca#Çığlı
Hakkari#Çukurca#Çukurca
Hakkari#Çukurca#Merkezköyler
Hakkari#Derecik#Derecik
Hakkari#Derecik#Merkezköyler
Hakkari#Merkez#Hakkari
Hakkari#Merkez#Merkezköyler
Hakkari#Şemdinli#Şemdinli
Hakkari#Yüksekova#Esendere
Hakkari#Yüksekova#Merkezköyler
Hakkari#Yüksekova#Yüksekova
Hatay#Altınözü#Altınözü
Hatay#Antakya#Esentepe
Hatay#Antakya#Haraparası
Hatay#Antakya#Kanatlı
Hatay#Antakya#Kışlasaray
Hatay#Arsuz#Arsuz
Hatay#Arsuz#Karaağaç
Hatay#Belen#Belen
Hatay#Defne#Defne
Hatay#Dörtyol#Dörtyol
Hatay#Erzin#Erzin
Hatay#Hassa#Hassa
Hatay#İskenderun#Azganlık
Hatay#İskenderun#Cumhuriyet
Hatay#İskenderun#Meydan
Hatay#İskenderun#Sanayi
Hatay#İskenderun#Tepeler
Hatay#Kırıkhan#Kırıkhan
Hatay#Kumlu#Kumlu
Hatay#Payas#Payas
Hatay#Reyhanlı#Reyhanlı
Hatay#Samandağ#Samandağ
Hatay#Yayladağı#Yayladağı
Iğdır#Aralık#Aralık
Iğdır#Aralık#Merkezköyler
Iğdır#Karakoyunlu#Karakoyunlu
Iğdır#Karakoyunlu#Merkezköyler
Iğdır#Merkez#Iğdır
Iğdır#Merkez#Merkezköyler
Iğdır#Tuzluca#Tuzluca
Isparta#Aksu#Aksu
Isparta#Aksu#Merkezköyler
Isparta#Atabey#Atabey
Isparta#Atabey#Merkezköyler
Isparta#Eğirdir#Eğirdir
Isparta#Eğirdir#Merkezköyler
Isparta#Gelendost#Gelendost
Isparta#Gelendost#Merkezköyler
Isparta#Gönen#Gönen
Isparta#Gönen#Merkezköyler
Isparta#Keçiborlu#Keçiborlu
Isparta#Keçiborlu#Merkezköyler
Isparta#Merkez#Çelebıler
Isparta#Merkez#Kepeci
Isparta#Merkez#Kutlubey
Isparta#Merkez#Merkezköyler
Isparta#Merkez#Sanayi
Isparta#Senirkent#Merkezköyler
Isparta#Senirkent#Senirkent
Isparta#Sütçüler#Merkezköyler
Isparta#Sütçüler#Sütçüler
Isparta#Şarkikaraağaç#Merkezköyler
Isparta#Şarkikaraağaç#Şarkikaraağaç
Isparta#Uluborlu#Merkezköyler
Isparta#Uluborlu#Uluborlu
Isparta#Yalvaç#Merkezköyler
Isparta#Yalvaç#Yalvaç
Isparta#Yenişarbademli#Merkezköyler
Isparta#Yenişarbademli#Yenişarbademli
İstanbul#Adalar#Burgazada
İstanbul#Adalar#Büyükada
İstanbul#Adalar#Heybeliada
İstanbul#Adalar#Kınalıada
İstanbul#Arnavutköy#Arnavutköy
İstanbul#Arnavutköy#Baklalı
İstanbul#Arnavutköy#Boğazköy
İstanbul#Arnavutköy#Bolluca
İstanbul#Arnavutköy#Hadımköy
İstanbul#Arnavutköy#Haraççı
İstanbul#Arnavutköy#Taşoluk
İstanbul#Ataşehir#Atatürk
İstanbul#Ataşehir#Ferhatpaşa
İstanbul#Ataşehir#İçerenköy
İstanbul#Ataşehir#Kayışdağı
İstanbul#Ataşehir#Küçükbakkalköy
İstanbul#Ataşehir#Mustafakemal
İstanbul#Ataşehir#Örnek
İstanbul#Ataşehir#Yeniçamlıca
İstanbul#Ataşehir#Yenisahra
İstanbul#Avcılar#Ambarlı
İstanbul#Avcılar#Avcılar
İstanbul#Avcılar#Firuzköy
İstanbul#Avcılar#Gümüşpala
İstanbul#Bağcılar#Bağcılar
İstanbul#Bağcılar#Güneşli
İstanbul#Bağcılar#Mahmutbey
İstanbul#Bahçelievler#Bahçelievler
İstanbul#Bahçelievler#Şirinevler
İstanbul#Bahçelievler#Yenibosna
İstanbul#Bakırköy#Ataköy
İstanbul#Bakırköy#Cevizlik
İstanbul#Bakırköy#Florya
İstanbul#Bakırköy#Kartaltepe
İstanbul#Bakırköy#Osmaniye
İstanbul#Bakırköy#Yeşilköy
İstanbul#Bakırköy#Zeytinlik
İstanbul#Bakırköy#Zuhuratbaba
İstanbul#Başakşehir#Altınşehir
İstanbul#Başakşehir#Bahçeşehir
İstanbul#Başakşehir#Başakşehir
İstanbul#Başakşehir#İkitelli
İstanbul#Başakşehir#Şamlar
İstanbul#Bayrampaşa#Altıntepsi
İstanbul#Bayrampaşa#Muratpaşa
İstanbul#Bayrampaşa#Numunebağ
İstanbul#Bayrampaşa#Yıldırım
İstanbul#Beşiktaş#Abbasağa
İstanbul#Beşiktaş#Akatlar
İstanbul#Beşiktaş#Arnavutköy
İstanbul#Beşiktaş#Bebek
İstanbul#Beşiktaş#Etiler
İstanbul#Beşiktaş#Gayrettepe
İstanbul#Beşiktaş#Levazım
İstanbul#Beşiktaş#Levent
İstanbul#Beşiktaş#Ortaköy
İstanbul#Beşiktaş#Türkali
İstanbul#Beykoz#Anadoluhisarı
İstanbul#Beykoz#Beykoz
İstanbul#Beykoz#Çavuşbaşı
İstanbul#Beykoz#Çubuklu
İstanbul#Beykoz#Göksu
İstanbul#Beykoz#Paşabahçe
İstanbul#Beykoz#Polonezköy
İstanbul#Beykoz#Tokatköy
İstanbul#Beylikdüzü#Beylikdüzü
İstanbul#Beylikdüzü#Gürpınar
İstanbul#Beylikdüzü#Yakuplu
İstanbul#Beyoğlu#Arapcami
İstanbul#Beyoğlu#Cihangir
İstanbul#Beyoğlu#Halıcıoğlu
İstanbul#Beyoğlu#İstiklal
İstanbul#Beyoğlu#Kasımpaşa
İstanbul#Beyoğlu#Kemankeş
İstanbul#Beyoğlu#Pürtelaş
İstanbul#Beyoğlu#Taksim
İstanbul#Beyoğlu#Tarlabaşı
İstanbul#Büyükçekmece#Büyükçekmece
İstanbul#Büyükçekmece#Celaliye
İstanbul#Büyükçekmece#Kumburgaz
İstanbul#Büyükçekmece#Mimarsinan
İstanbul#Büyükçekmece#Tepecik
İstanbul#Çatalca#Çatalca
İstanbul#Çekmeköy#Alemdağ
İstanbul#Çekmeköy#Çekmeköy
İstanbul#Çekmeköy#Ömerli
İstanbul#Çekmeköy#Taşdelen
İstanbul#Esenler#Atışalanı
İstanbul#Esenler#Esenler
İstanbul#Esenler#Karabayır
İstanbul#Esenler#Sanayi
İstanbul#Esenyurt#Esenyurt
İstanbul#Esenyurt#İncirtepe
İstanbul#Esenyurt#Kıraç
İstanbul#Esenyurt#Mehterçeşme
İstanbul#Esenyurt#Saadetdere
İstanbul#Esenyurt#Sanayi
İstanbul#Eyüpsultan#Alibeyköy
İstanbul#Eyüpsultan#Çırçır
İstanbul#Eyüpsultan#Eyüp
İstanbul#Eyüpsultan#Göktürk
İstanbul#Eyüpsultan#Işıklar
İstanbul#Eyüpsultan#Kemerburgaz
İstanbul#Eyüpsultan#Rami
İstanbul#Eyüpsultan#Yeşilpınar
İstanbul#Fatih#Aksaray
İstanbul#Fatih#Balat
İstanbul#Fatih#Bayazıt
İstanbul#Fatih#Eminönü
İstanbul#Fatih#İskenderpaşa
İstanbul#Fatih#Karagümrük
İstanbul#Fatih#Kocamustafapaşa
İstanbul#Fatih#Kumkapı
İstanbul#Fatih#Mahmutpaşa
İstanbul#Fatih#Sirkeci
İstanbul#Fatih#Sultanahmet
İstanbul#Fatih#Şehremini
İstanbul#Fatih#Tahtakale
İstanbul#Fatih#Topkapı
İstanbul#Fatih#Vefa
İstanbul#Fatih#Yedikule
İstanbul#Fatih#Zeyrek
İstanbul#Gaziosmanpaşa#Gaziosmanpaşa
İstanbul#Gaziosmanpaşa#Küçükköy
İstanbul#Gaziosmanpaşa#Mevlana
İstanbul#Gaziosmanpaşa#Yıldıztabya
İstanbul#Güngören#Akıncılar
İstanbul#Güngören#Güngören
İstanbul#Güngören#Sanayi
İstanbul#Güngören#Tozkoparan
İstanbul#Kadıköy#Bostancı
İstanbul#Kadıköy#Caddebostan
İstanbul#Kadıköy#Caferağa
İstanbul#Kadıköy#Eğitim
İstanbul#Kadıköy#Erenköy
İstanbul#Kadıköy#Fenerbahçe
İstanbul#Kadıköy#Feneryolu
İstanbul#Kadıköy#Fikirtepe
İstanbul#Kadıköy#Göztepe
İstanbul#Kadıköy#Koşuyolu
İstanbul#Kadıköy#Kozyatağı
İstanbul#Kadıköy#Merdivenköy
İstanbul#Kadıköy#Ondokuzmayıs
İstanbul#Kadıköy#Osmanağa
İstanbul#Kadıköy#Rasimpaşa
İstanbul#Kadıköy#Sahrayıcedit
İstanbul#Kadıköy#Suadiye
İstanbul#Kağıthane#Çağlayan
İstanbul#Kağıthane#Çeliktepe
İstanbul#Kağıthane#Gültepe
İstanbul#Kağıthane#Gürsel
İstanbul#Kağıthane#Hamidiye
İstanbul#Kağıthane#Kağıthane merkez
İstanbul#Kağıthane#Seyrantepe
İstanbul#Kağıthane#Şirintepe
İstanbul#Kartal#Atalar
İstanbul#Kartal#Esentepe
İstanbul#Kartal#Kartal
İstanbul#Kartal#Orhantepe
İstanbul#Kartal#Soğanlık
İstanbul#Kartal#Topselvi
İstanbul#Kartal#Uğur mumcu
İstanbul#Kartal#Yakacık
İstanbul#Küçükçekmece#Atakent
İstanbul#Küçükçekmece#Halkalı
İstanbul#Küçükçekmece#Küçükçekmece
İstanbul#Küçükçekmece#Sefaköy
İstanbul#Maltepe#Aydınevler
İstanbul#Maltepe#Büyükbakkalköy
İstanbul#Maltepe#Cevizli
İstanbul#Maltepe#Feyzullah
İstanbul#Maltepe#Gülsuyu
İstanbul#Maltepe#İdealtepe
İstanbul#Maltepe#Küçükyalı
İstanbul#Maltepe#Yalı
İstanbul#Maltepe#Zümrütevler
İstanbul#Pendik#Bahçelievler
İstanbul#Pendik#Çamçeşme
İstanbul#Pendik#Çarşı
İstanbul#Pendik#Çınardere
İstanbul#Pendik#Esenyalı
İstanbul#Pendik#Kurna
İstanbul#Pendik#Şeyhli
İstanbul#Pendik#Yayalar
İstanbul#Pendik#Yenişehir
İstanbul#Sancaktepe#Eyüpsultan
İstanbul#Sancaktepe#Osmangazi
İstanbul#Sancaktepe#Sarıgazi
İstanbul#Sancaktepe#Yenidoğan
İstanbul#Sarıyer#Bahçeköy
İstanbul#Sarıyer#Büyükdere
İstanbul#Sarıyer#Emirgan
İstanbul#Sarıyer#İstinye
İstanbul#Sarıyer#Maslak
İstanbul#Sarıyer#Rumelihisarı
İstanbul#Sarıyer#Sarıyer
İstanbul#Sarıyer#Tarabya
İstanbul#Sarıyer#Yeniköy
İstanbul#Silivri#Büyükçavuşlu
İstanbul#Silivri#Çanta
İstanbul#Silivri#Değirmenköy
İstanbul#Silivri#Fener
İstanbul#Silivri#Gümüşyaka
İstanbul#Silivri#Kavaklı
İstanbul#Silivri#Ortaköy
İstanbul#Silivri#Selimpaşa
İstanbul#Silivri#Silivri
İstanbul#Sultanbeyli#Mehmetakif
İstanbul#Sultanbeyli#Mimarsinan
İstanbul#Sultanbeyli#Necipfazıl
İstanbul#Sultanbeyli#Turgutreis
İstanbul#Sultangazi#Sultançiftliği
İstanbul#Sultangazi#Sultangazi
İstanbul#Sultangazi#Zübeydehanım
İstanbul#Şile#Ağva
İstanbul#Şile#Ahmetli
İstanbul#Şile#Şile
İstanbul#Şişli#Bozkurt
İstanbul#Şişli#Cumhuriyet
İstanbul#Şişli#Duatepe
İstanbul#Şişli#Esentepe
İstanbul#Şişli#Feriköy
İstanbul#Şişli#Halaskargazi
İstanbul#Şişli#Harbiye
İstanbul#Şişli#Mecidiyeköy
İstanbul#Şişli#Meşrutiyet
İstanbul#Şişli#Okmeydanı
İstanbul#Şişli#Pangaltı
İstanbul#Şişli#Teşvikiye
İstanbul#Tuzla#Akfırat
İstanbul#Tuzla#Aydınlı
İstanbul#Tuzla#Çarşı
İstanbul#Tuzla#İçmeler
İstanbul#Tuzla#Mimarsinan
İstanbul#Tuzla#Orhanlı
İstanbul#Tuzla#Tersaneler
İstanbul#Ümraniye#Aşağıdudullu
İstanbul#Ümraniye#Atakent
İstanbul#Ümraniye#Atatürk
İstanbul#Ümraniye#Çakmak
İstanbul#Ümraniye#Esenşehir
İstanbul#Ümraniye#Ihlamurkuyu
İstanbul#Ümraniye#İnkılap
İstanbul#Ümraniye#Kazımkarabekir
İstanbul#Ümraniye#Namıkkemal
İstanbul#Ümraniye#Yukarıdudullu
İstanbul#Üsküdar#Acıbadem
İstanbul#Üsküdar#Altunizade
İstanbul#Üsküdar#Bahçelievler
İstanbul#Üsküdar#Beylerbeyi
İstanbul#Üsküdar#Bulgurlu
İstanbul#Üsküdar#Cumhuriyet
İstanbul#Üsküdar#Çengelköy
İstanbul#Üsküdar#Ferah
İstanbul#Üsküdar#Kandilli
İstanbul#Üsküdar#Kirazlıtepe
İstanbul#Üsküdar#Kuzguncuk
İstanbul#Üsküdar#Mimarsinan
İstanbul#Üsküdar#Muratreis
İstanbul#Üsküdar#Selimiye
İstanbul#Üsküdar#Ünalan
İstanbul#Üsküdar#Yavuztürk
İstanbul#Zeytinburnu#Çırpıcı
İstanbul#Zeytinburnu#Seyitnizam
İstanbul#Zeytinburnu#Telsiz
İstanbul#Zeytinburnu#Topkapı
İzmir#Aliağa#Aliağa
İzmir#Aliağa#Helvacı
İzmir#Balçova#Balçova
İzmir#Bayındır#Bayındır
İzmir#Bayındır#Canlı
İzmir#Bayındır#Çırpı
İzmir#Bayraklı#Alpaslan
İzmir#Bayraklı#Bayraklı
İzmir#Bayraklı#Gümüşpala
İzmir#Bayraklı#Manavkuyu
İzmir#Bayraklı#Soğukkuyu
İzmir#Bergama#Bergama
İzmir#Beydağ#Beydağ
İzmir#Bornova#Altındağ
İzmir#Bornova#Atatürk
İzmir#Bornova#Bornova
İzmir#Bornova#Çamdibi
İzmir#Bornova#Işıkkent
İzmir#Bornova#Kazımdirik
İzmir#Bornova#Naldöken
İzmir#Bornova#Pınarbaşı
İzmir#Buca#Buca
İzmir#Buca#Evka1
İzmir#Buca#İşçievleri
İzmir#Buca#Kaynaklar
İzmir#Buca#Şirinyer
İzmir#Çeşme#Alaçatı
İzmir#Çeşme#Çeşme
İzmir#Çeşme#Dalyan
İzmir#Çiğli#Büyükçiğli
İzmir#Çiğli#Çiğli
İzmir#Çiğli#Egekent
İzmir#Çiğli#Harmandalı
İzmir#Dikili#Dikili
İzmir#Foça#Bağarası
İzmir#Foça#Foça
İzmir#Foça#Yenifoça
İzmir#Gaziemir#Gaziemir
İzmir#Güzelbahçe#Güzelbahçe
İzmir#Karabağlar#Fahrettinaltay
İzmir#Karabağlar#Hatay
İzmir#Karabağlar#Karabağlar
İzmir#Karabağlar#Kibar
İzmir#Karabağlar#Yeşilyurt
İzmir#Karabağlar#Zincirlikuyu
İzmir#Karaburun#Karaburun
İzmir#Karaburun#Mordoğan
İzmir#Karşıyaka#Alaybey
İzmir#Karşıyaka#Cumhuriyet
İzmir#Karşıyaka#Denizbostanlısı
İzmir#Karşıyaka#İmbatlı
İzmir#Karşıyaka#Karşıyaka
İzmir#Karşıyaka#Nergiz
İzmir#Karşıyaka#Yalı
İzmir#Kemalpaşa#Armutlu
İzmir#Kemalpaşa#Bağyurdu
İzmir#Kemalpaşa#Kemalpaşa
İzmir#Kemalpaşa#Ören
İzmir#Kemalpaşa#Ulucak
İzmir#Kınık#Kınık
İzmir#Kiraz#Kiraz
İzmir#Konak#Alsancak
İzmir#Konak#Basmane
İzmir#Konak#Eşrefpaşa
İzmir#Konak#Gültepe
İzmir#Konak#Gürçeşme
İzmir#Konak#Güzelyalı
İzmir#Konak#Kahramanlar
İzmir#Konak#Kemeraltı
İzmir#Konak#Konak
İzmir#Konak#Küçükyalı
İzmir#Konak#Pasaport
İzmir#Konak#Yenişehir
İzmir#Menderes#Ataköy
İzmir#Menderes#Değirmendere
İzmir#Menderes#Develi
İzmir#Menderes#Görece
İzmir#Menderes#Gümüldür
İzmir#Menderes#Kısık
İzmir#Menderes#Menderes
İzmir#Menderes#Özdere
İzmir#Menderes#Tekeli
İzmir#Menemen#Menemen
İzmir#Narlıdere#Narlıdere
İzmir#Ödemiş#Ödemiş
İzmir#Seferihisar#Doğanbey
İzmir#Seferihisar#Seferihisar
İzmir#Seferihisar#Ürkmez
İzmir#Selçuk#Selçuk
İzmir#Tire#Tire
İzmir#Torbalı#Ayrancılar
İzmir#Torbalı#Çaybaşı
İzmir#Torbalı#Pancar
İzmir#Torbalı#Subaşı
İzmir#Torbalı#Torbalı
İzmir#Torbalı#Yazıbaşı
İzmir#Torbalı#Yeniköyosb
İzmir#Urla#Bademler
İzmir#Urla#Balıklıova
İzmir#Urla#Çeşmealtı
İzmir#Urla#İskele
İzmir#Urla#İyte
İzmir#Urla#Kuşçular
İzmir#Urla#Özbek
İzmir#Urla#Urla
İzmir#Urla#Zeytinalanı
Kahramanmaraş#Afşin#Afşin
Kahramanmaraş#Andırın#Andırın
Kahramanmaraş#Andırın#Çokak
Kahramanmaraş#Çağlayancerit#Çağlayancerit
Kahramanmaraş#Dulkadiroğlu#Adliye
Kahramanmaraş#Dulkadiroğlu#Ağabeyli
Kahramanmaraş#Dulkadiroğlu#Sanayi
Kahramanmaraş#Dulkadiroğlu#Sütçüimam
Kahramanmaraş#Ekinözü#Ekinözü
Kahramanmaraş#Elbistan#Elbistan
Kahramanmaraş#Göksun#Göksun
Kahramanmaraş#Nurhak#Nurhak
Kahramanmaraş#Onikişubat#Binevler
Kahramanmaraş#Onikişubat#Hacıbayram
Kahramanmaraş#Onikişubat#Süleymanlı
Kahramanmaraş#Pazarcık#Pazarcık
Kahramanmaraş#Türkoğlu#Türkoğlu
Karabük#Eflani#Eflani
Karabük#Eflani#Merkezköyler
Karabük#Eskipazar#Eskipazar
Karabük#Eskipazar#Merkezköyler
Karabük#Merkez#100.yıl
Karabük#Merkez#Bayır
Karabük#Merkez#Beşbinevler
Karabük#Merkez#Kayabaşı
Karabük#Merkez#Merkezköyler
Karabük#Merkez#Yenişehir
Karabük#Ovacık#Merkezköyler
Karabük#Ovacık#Ovacık
Karabük#Safranbolu#Merkezköyler
Karabük#Safranbolu#Safranbolu
Karabük#Yenice#Merkezköyler
Karabük#Yenice#Yenice
Karaman#Ayrancı#Ayrancı
Karaman#Ayrancı#Merkezköyler
Karaman#Başyayla#Başyayla
Karaman#Başyayla#Merkezköyler
Karaman#Ermenek#Ermenek
Karaman#Ermenek#Kazancı
Karaman#Ermenek#Merkezköyler
Karaman#Kazımkarabekir#Kazımkarabekir
Karaman#Kazımkarabekir#Merkezköyler
Karaman#Merkez#Akçaşehir
Karaman#Merkez#Hisar
Karaman#Merkez#Merkezköyler
Karaman#Merkez#Sudurağı
Karaman#Merkez#Sümer
Karaman#Sarıveliler#Göktepe
Karaman#Sarıveliler#Merkezköyler
Karaman#Sarıveliler#Sarıveliler
Kars#Akyaka#Akyaka
Kars#Akyaka#Merkezköyler
Kars#Arpaçay#Arpaçay
Kars#Arpaçay#Merkezköyler
Kars#Digor#Digor
Kars#Digor#Merkezköyler
Kars#Kağızman#Kağızman
Kars#Kağızman#Merkezköyler
Kars#Merkez#Kars
Kars#Merkez#Merkezköyler
Kars#Sarıkamış#Sarıkamış
Kars#Selim#Merkezköyler
Kars#Selim#Selim
Kars#Susuz#Merkezköyler
Kars#Susuz#Susuz
Kastamonu#Abana#Abana
Kastamonu#Abana#Merkezköyler
Kastamonu#Ağlı#Ağlı
Kastamonu#Ağlı#Merkezköyler
Kastamonu#Araç#Araç
Kastamonu#Araç#Merkezköyler
Kastamonu#Azdavay#Azdavay
Kastamonu#Azdavay#Merkezköyler
Kastamonu#Bozkurt#Bozkurt
Kastamonu#Bozkurt#Merkezköyler
Kastamonu#Cide#Cide
Kastamonu#Cide#Merkezköyler
Kastamonu#Çatalzeytin#Çatalzeytin
Kastamonu#Çatalzeytin#Merkezköyler
Kastamonu#Daday#Daday
Kastamonu#Daday#Merkezköyler
Kastamonu#Devrekani#Devrekani
Kastamonu#Devrekani#Merkezköyler
Kastamonu#Doğanyurt#Doğanyurt
Kastamonu#Doğanyurt#Merkezköyler
Kastamonu#Hanönü#Gökçeağaç
Kastamonu#Hanönü#Merkezköyler
Kastamonu#İhsangazi#İhsangazi
Kastamonu#İhsangazi#Merkezköyler
Kastamonu#İnebolu#İnebolu
Kastamonu#İnebolu#Merkezköyler
Kastamonu#Küre#Küre
Kastamonu#Küre#Merkezköyler
Kastamonu#Merkez#Akmescit
Kastamonu#Merkez#Cebrail
Kastamonu#Merkez#Kuzeykent
Kastamonu#Merkez#Merkezköyler
Kastamonu#Pınarbaşı#Pınarbaşı
Kastamonu#Seydiler#Merkezköyler
Kastamonu#Seydiler#Seydiler
Kastamonu#Şenpazar#Merkezköyler
Kastamonu#Şenpazar#Şenpazar
Kastamonu#Taşköprü#Merkezköyler
Kastamonu#Taşköprü#Taşköprü
Kastamonu#Tosya#Merkezköyler
Kastamonu#Tosya#Tosya
Kayseri#Akkışla#Akkışla
Kayseri#Bünyan#Bünyan
Kayseri#Develi#Develi
Kayseri#Felahiye#Felahiye
Kayseri#Hacılar#Hacılar
Kayseri#Hacılar#Hacılar köyler
Kayseri#İncesu#İncesu
Kayseri#Kocasinan#Ankarayoluköyler
Kayseri#Kocasinan#Argıncık
Kayseri#Kocasinan#Beyazşehir
Kayseri#Kocasinan#Erkilet
Kayseri#Kocasinan#Erkilet köyler
Kayseri#Kocasinan#Fevzi çakmak
Kayseri#Kocasinan#Güneşli
Kayseri#Kocasinan#Kazım karabekir
Kayseri#Kocasinan#Sanayi
Kayseri#Kocasinan#Valilik
Kayseri#Kocasinan#Yeni mahalle
Kayseri#Kocasinan#Yenişehir
Kayseri#Melikgazi#Battalgazi
Kayseri#Melikgazi#Belsin
Kayseri#Melikgazi#Çarşı
Kayseri#Melikgazi#Gesi
Kayseri#Melikgazi#Gürpınar
Kayseri#Melikgazi#Hisarcık
Kayseri#Melikgazi#Hürriyet
Kayseri#Melikgazi#İldem
Kayseri#Melikgazi#Kazım karabekir
Kayseri#Melikgazi#Kılıçaslan
Kayseri#Melikgazi#Mimarsinan
Kayseri#Özvatan#Çukur
Kayseri#Pınarbaşı#Pınarbaşı
Kayseri#Sarıoğlan#Sarıoğlan
Kayseri#Sarız#Sarız
Kayseri#Talas#Talas
Kayseri#Talas#Talas köyler
Kayseri#Tomarza#Tomarza
Kayseri#Yahyalı#Yahyalı
Kayseri#Yeşilhisar#Yeşilhisar
Kırıkkale#Bahşılı#Bahşılı
Kırıkkale#Bahşılı#Merkezköyler
Kırıkkale#Balışeyh#Balışeyh
Kırıkkale#Balışeyh#Merkezköyler
Kırıkkale#Çelebi#Çelebi
Kırıkkale#Çelebi#Merkezköyler
Kırıkkale#Delice#Delice
Kırıkkale#Delice#Merkezköyler
Kırıkkale#Karakeçili#Karakeçili
Kırıkkale#Karakeçili#Merkezköyler
Kırıkkale#Keskin#Keskin
Kırıkkale#Keskin#Merkezköyler
Kırıkkale#Merkez#Fabrikalar
Kırıkkale#Merkez#Merkezköyler
Kırıkkale#Merkez#Sanayi
Kırıkkale#Merkez#Tepebaşı
Kırıkkale#Merkez#Yuva
Kırıkkale#Sulakyurt#Merkezköyler
Kırıkkale#Sulakyurt#Sulakyurt
Kırıkkale#Yahşihan#Merkezköyler
Kırıkkale#Yahşihan#Yahşihan
Kırklareli#Babaeski#Alpullu
Kırklareli#Babaeski#Babaeski
Kırklareli#Babaeski#Merkezköyler
Kırklareli#Demirköy#Demirköy
Kırklareli#Demirköy#İğneada
Kırklareli#Demirköy#Merkezköyler
Kırklareli#Kofçaz#Kofçaz
Kırklareli#Kofçaz#Merkezköyler
Kırklareli#Lüleburgaz#Ahmetbey
Kırklareli#Lüleburgaz#Büyükkarıştıran
Kırklareli#Lüleburgaz#Evrensekiz
Kırklareli#Lüleburgaz#Lüleburgaz
Kırklareli#Lüleburgaz#Merkezköyler
Kırklareli#Merkez#Dereköy
Kırklareli#Merkez#İnece
Kırklareli#Merkez#Kırklareli
Kırklareli#Merkez#Merkezköyler
Kırklareli#Merkez#Üsküp
Kırklareli#Pehlivanköy#Merkezköyler
Kırklareli#Pehlivanköy#Pehlivanköy
Kırklareli#Pınarhisar#Merkezköyler
Kırklareli#Pınarhisar#Pınarhisar
Kırklareli#Vize#Merkezköyler
Kırklareli#Vize#Sergen
Kırklareli#Vize#Vize
Kırşehir#Akçakent#Akçakent
Kırşehir#Akçakent#Kösefakılı
Kırşehir#Akçakent#Merkezköyler
Kırşehir#Akpınar#Akpınar
Kırşehir#Akpınar#Merkezköyler
Kırşehir#Boztepe#Boztepe
Kırşehir#Boztepe#Merkezköyler
Kırşehir#Çiçekdağı#Çiçekdağı
Kırşehir#Çiçekdağı#Merkezköyler
Kırşehir#Kaman#Kaman
Kırşehir#Kaman#Merkezköyler
Kırşehir#Merkez#Çarşı
Kırşehir#Merkez#Merkezköyler
Kırşehir#Mucur#Mucur
Kilis#Elbeyli#Elbeyli
Kilis#Elbeyli#Merkezköyler
Kilis#Merkez#Kilis
Kilis#Merkez#Merkezköyler
Kilis#Musabeyli#Musabeyli
Kilis#Polateli#Merkezköyler
Kilis#Polateli#Polateli
Kocaeli#Başiskele#Bahçecik
Kocaeli#Başiskele#Başiskele
Kocaeli#Başiskele#Kullar
Kocaeli#Başiskele#Seymen
Kocaeli#Başiskele#Yeniköy
Kocaeli#Başiskele#Yuvacık
Kocaeli#Çayırova#Çayırova
Kocaeli#Darıca#Darıca
Kocaeli#Derince#Derince
Kocaeli#Dilovası#Dilovası
Kocaeli#Gebze#Gebze
Kocaeli#Gölcük#Değirmendere
Kocaeli#Gölcük#Gölcük
Kocaeli#İzmit#Alikahya
Kocaeli#İzmit#Çarşı
Kocaeli#İzmit#Gündoğdu
Kocaeli#İzmit#İzmit
Kocaeli#İzmit#Sahil
Kocaeli#İzmit#Saraybahçe
Kocaeli#İzmit#Yenidoğan
Kocaeli#İzmit#Yenişehir
Kocaeli#Kandıra#Kandıra
Kocaeli#Karamürsel#Karamürsel
Kocaeli#Kartepe#Arslanbey
Kocaeli#Kartepe#Büyükderbent
Kocaeli#Kartepe#Köseköy
Kocaeli#Kartepe#Maşukiye
Kocaeli#Kartepe#Suadiye
Kocaeli#Kartepe#Uzunçiftlik
Kocaeli#Kartepe#Uzuntarla
Kocaeli#Körfez#Hereke
Kocaeli#Körfez#Körfez
Konya#Ahırlı#Ahırlı
Konya#Ahırlı#Akkise
Konya#Akören#Akören
Konya#Akşehir#Akşehir
Konya#Akşehir#Kızılca
Konya#Akşehir#Nasreddin
Konya#Altınekin#Altınekin
Konya#Beyşehir#Beyşehir
Konya#Beyşehir#Hamidiye
Konya#Bozkır#Bozkır
Konya#Cihanbeyli#Cihanbeyli
Konya#Cihanbeyli#Cumhuriyet
Konya#Cihanbeyli#Yeniceoba
Konya#Çeltik#Çeltik
Konya#Çumra#Bardakçı
Konya#Çumra#Çumra
Konya#Çumra#İçeri çumra
Konya#Derbent#Derbent
Konya#Derebucak#Derebucak
Konya#Doğanhisar#Başköy
Konya#Doğanhisar#Doğanhisar
Konya#Doğanhisar#Karaağa
Konya#Emirgazi#Emirgazi
Konya#Ereğli#Ereğli
Konya#Ereğli#Gülbahçe
Konya#Ereğli#Sümer
Konya#Güneysınır#Güneysınır
Konya#Hadim#Hadim
Konya#Halkapınar#Halkapınar
Konya#Hüyük#Hüyük
Konya#Hüyük#İmrenler
Konya#Hüyük#Kıreli
Konya#Ilgın#Argıthanı
Konya#Ilgın#Camiatik
Konya#Ilgın#Çiğil
Konya#Ilgın#Ilgın
Konya#Kadınhanı#Kadınhanı
Konya#Karapınar#Karapınar
Konya#Karatay#Erenler
Konya#Karatay#Fevziçakmak
Konya#Karatay#Karatay
Konya#Karatay#Mevlana
Konya#Karatay#Selimiye
Konya#Kulu#Alparslan
Konya#Kulu#Kulu
Konya#Kulu#Ömeranlı
Konya#Meram#Alaaddin
Konya#Meram#Gödene
Konya#Meram#Kaşınhanı
Konya#Meram#Lalebahçe
Konya#Meram#Meram
Konya#Meram#Taşcami
Konya#Meram#Yaka
Konya#Sarayönü#İstasyon
Konya#Sarayönü#Sarayönü
Konya#Selçuklu#Aydınlık
Konya#Selçuklu#Bosna
Konya#Selçuklu#Büyükkayacık
Konya#Selçuklu#Cumhuriyet
Konya#Selçuklu#Fatih
Konya#Selçuklu#Horozluhan
Konya#Selçuklu#Kampüs
Konya#Selçuklu#Mimar sinan
Konya#Selçuklu#Nalçacı
Konya#Selçuklu#Selçuklu
Konya#Selçuklu#Sille
Konya#Selçuklu#Tatköy
Konya#Selçuklu#Yazır
Konya#Seydişehir#Alaylar
Konya#Seydişehir#Seydişehir
Konya#Seydişehir#Seyitharun
Konya#Taşkent#Taşkent
Konya#Tuzlukçu#Tuzlukçu
Konya#Yalıhüyük#Yalıhüyük
Konya#Yunak#Yunak
Kütahya#Altıntaş#Altıntaş
Kütahya#Altıntaş#Merkezköyler
Kütahya#Aslanapa#Aslanapa
Kütahya#Aslanapa#Merkezköyler
Kütahya#Çavdarhisar#Çavdarhisar
Kütahya#Çavdarhisar#Merkezköyler
Kütahya#Domaniç#Domaniç
Kütahya#Domaniç#Merkezköyler
Kütahya#Dumlupınar#Dumlupınar
Kütahya#Dumlupınar#Merkezköyler
Kütahya#Emet#Emet
Kütahya#Emet#Merkezköyler
Kütahya#Gediz#Gediz
Kütahya#Gediz#Merkezköyler
Kütahya#Hisarcık#Hisarcık
Kütahya#Hisarcık#Merkezköyler
Kütahya#Merkez#Alipaşa
Kütahya#Merkez#Börekçiler
Kütahya#Merkez#Hamidiye
Kütahya#Merkez#Merkezköyler
Kütahya#Merkez#Seyitömer
Kütahya#Pazarlar#Merkezköyler
Kütahya#Pazarlar#Pazarlar
Kütahya#Simav#Merkezköyler
Kütahya#Simav#Simav
Kütahya#Şaphane#Merkezköyler
Kütahya#Şaphane#Şaphane
Kütahya#Tavşanlı#Merkezköyler
Kütahya#Tavşanlı#Tavşanlı
Malatya#Akçadağ#Akçadağ
Malatya#Arapgir#Arapgir
Malatya#Arguvan#Arguvan
Malatya#Battalgazi#Battalgazi
Malatya#Battalgazi#Beydağı
Malatya#Battalgazi#Dabakhane
Malatya#Battalgazi#Hanımınçiftliği
Malatya#Battalgazi#Kanalboyu
Malatya#Battalgazi#Kapalıçarşı
Malatya#Battalgazi#Orduzu
Malatya#Battalgazi#Sıtmapınarı
Malatya#Battalgazi#Taştepe
Malatya#Darende#Darende
Malatya#Doğanşehir#Doğanşehir
Malatya#Doğanyol#Doğanyol
Malatya#Hekimhan#Hekimhan
Malatya#Kale#Kale
Malatya#Kuluncak#Kuluncak
Malatya#Pütürge#Pötürge
Malatya#Yazıhan#Yazıhan
Malatya#Yeşilyurt#Bostanbaşı
Malatya#Yeşilyurt#Çavuşoğlu
Malatya#Yeşilyurt#Dilek
Malatya#Yeşilyurt#Gündüzbey
Malatya#Yeşilyurt#Karakavak
Malatya#Yeşilyurt#Özalper
Malatya#Yeşilyurt#Şahnahan
Malatya#Yeşilyurt#Topsöğüt
Malatya#Yeşilyurt#Yakınca
Malatya#Yeşilyurt#Yeşiltepe
Malatya#Yeşilyurt#Yeşilyurt
Manisa#Ahmetli#Ahmetli
Manisa#Ahmetli#Gökkaya
Manisa#Akhisar#Akhisar
Manisa#Alaşehir#Alaşehir
Manisa#Alaşehir#Kavaklıdere
Manisa#Alaşehir#Kemaliye
Manisa#Alaşehir#Killik
Manisa#Alaşehir#Piyadeler
Manisa#Alaşehir#Uluderbent
Manisa#Alaşehir#Yeşilyurt
Manisa#Demirci#Demirci
Manisa#Demirci#Durhasan
Manisa#Demirci#Mahmutlar
Manisa#Gölmarmara#Gölmarmara
Manisa#Gördes#Çiçekli
Manisa#Gördes#Gördes
Manisa#Gördes#Güneşli
Manisa#Gördes#Kayacık
Manisa#Kırkağaç#Bakır
Manisa#Kırkağaç#Gelenbe
Manisa#Kırkağaç#İlyaslar
Manisa#Kırkağaç#Karakurt
Manisa#Kırkağaç#Kırkağaç
Manisa#Köprübaşı#Köprübaşı
Manisa#Kula#Kula
Manisa#Salihli#Adala
Manisa#Salihli#Durasıllı
Manisa#Salihli#Poyraz
Manisa#Salihli#Salihli
Manisa#Salihli#Sart
Manisa#Sarıgöl#Sarıgöl
Manisa#Saruhanlı#Alibeyli
Manisa#Saruhanlı#Büyükbelen
Manisa#Saruhanlı#Dilek
Manisa#Saruhanlı#Gökçeköy
Manisa#Saruhanlı#Gümülceli
Manisa#Saruhanlı#Hacırahmanlı
Manisa#Saruhanlı#Halitpaşa
Manisa#Saruhanlı#İshakçelebi
Manisa#Saruhanlı#Koldere
Manisa#Saruhanlı#Kumkuyucak
Manisa#Saruhanlı#Mütevelli
Manisa#Saruhanlı#Nuriye
Manisa#Saruhanlı#Paşaköy
Manisa#Saruhanlı#Saruhanlı
Manisa#Selendi#Selendi
Manisa#Soma#Avdan
Manisa#Soma#Cenkyeri
Manisa#Soma#Soma
Manisa#Soma#Turgutalp
Manisa#Soma#Yağcılı
Manisa#Şehzadeler#Aşağıçobanisa
Manisa#Şehzadeler#Çarşı
Manisa#Şehzadeler#Hacıhaliller
Manisa#Şehzadeler#Karaağaçlı
Manisa#Şehzadeler#Karaköy
Manisa#Şehzadeler#Karaoğlanlı
Manisa#Şehzadeler#Kuzey
Manisa#Şehzadeler#Sancaklıbozköy
Manisa#Şehzadeler#Şehzadeler
Manisa#Turgutlu#Derbent
Manisa#Turgutlu#Turgutlu
Manisa#Turgutlu#Urganlı
Manisa#Yunusemre#50.yıl
Manisa#Yunusemre#Laleli
Manisa#Yunusemre#Muradiye
Manisa#Yunusemre#Tevfikiye
Manisa#Yunusemre#Üçpınar
Manisa#Yunusemre#Yunusemre
Mardin#Artuklu#Gökçe
Mardin#Artuklu#İstasyon
Mardin#Artuklu#Kabala
Mardin#Artuklu#Nur
Mardin#Artuklu#Savurkapı
Mardin#Dargeçit#Dargeçit
Mardin#Derik#Derik
Mardin#Kızıltepe#Kızıltepe
Mardin#Mazıdağı#Mazıdağı
Mardin#Midyat#Eskimidyat
Mardin#Midyat#Hükümet
Mardin#Nusaybin#Nusaybin
Mardin#Ömerli#Ömerli
Mardin#Savur#Savur
Mardin#Yeşilli#Yeşilli
Mersin#Akdeniz#Adanalıoğlu
Mersin#Akdeniz#Barış
Mersin#Akdeniz#Camiişerif
Mersin#Akdeniz#Çankaya
Mersin#Akdeniz#Dikilitaş
Mersin#Akdeniz#Evci
Mersin#Akdeniz#Gündoğdu
Mersin#Akdeniz#Hal
Mersin#Akdeniz#Huzurkent
Mersin#Akdeniz#Karacailyas
Mersin#Akdeniz#Karaduvar
Mersin#Akdeniz#Kazanlı
Mersin#Akdeniz#Nusratiye
Mersin#Anamur#Anamur
Mersin#Anamur#Göktaş
Mersin#Anamur#İskele
Mersin#Aydıncık#Aydıncık
Mersin#Aydıncık#Karadere
Mersin#Bozyazı#Ardıçlıtaş
Mersin#Bozyazı#Bozyazı
Mersin#Çamlıyayla#Çamlıyayla
Mersin#Çamlıyayla#Darıpınarı
Mersin#Erdemli#Erdemli
Mersin#Gülnar#Gülnar
Mersin#Gülnar#Köseçobanlı
Mersin#Mezitli#Akdeniz
Mersin#Mezitli#Atatürk
Mersin#Mezitli#Davultepe
Mersin#Mezitli#Fındıkpınarı
Mersin#Mezitli#Tece
Mersin#Mut#Mut
Mersin#Silifke#Atakent
Mersin#Silifke#Atayurt
Mersin#Silifke#Gazi
Mersin#Silifke#Pazarkaşı
Mersin#Silifke#Silifke
Mersin#Silifke#Taşucu
Mersin#Tarsus#82evler
Mersin#Tarsus#Akşemsettin
Mersin#Tarsus#Altaylılar
Mersin#Tarsus#Anıt
Mersin#Tarsus#Aşağı köyler
Mersin#Tarsus#Bahçe
Mersin#Tarsus#Beydeğirmeni
Mersin#Tarsus#Caminur
Mersin#Tarsus#Çamlıyayla
Mersin#Tarsus#Kavaklı
Mersin#Tarsus#Kızılmurat
Mersin#Tarsus#Yenice
Mersin#Tarsus#Yolboyu
Mersin#Tarsus#Yukarı köyler
Mersin#Toroslar#Akbelen
Mersin#Toroslar#Arslanköy
Mersin#Toroslar#Çavuşlu
Mersin#Toroslar#Demirtaş
Mersin#Toroslar#Halkkent
Mersin#Toroslar#Sağlık
Mersin#Toroslar#Selçuklar
Mersin#Yenişehir#Afetevler
Mersin#Yenişehir#Bahçelievler
Mersin#Yenişehir#Barbaros
Mersin#Yenişehir#Cumhuriyet
Mersin#Yenişehir#Değirmençay
Muğla#Bodrum#Bodrum
Muğla#Dalaman#Dalaman
Muğla#Datça#Datça
Muğla#Fethiye#Fethiye
Muğla#Kavaklıdere#Kavaklıdere
Muğla#Köyceğiz#Köyceğiz
Muğla#Marmaris#Marmaris
Muğla#Menteşe#Menteşe
Muğla#Milas#Milas
Muğla#Ortaca#Ortaca
Muğla#Seydikemer#Seydikemer
Muğla#Ula#Ula
Muğla#Yatağan#Yatağan
Muş#Bulanık#Bulanık
Muş#Bulanık#Erentepe
Muş#Bulanık#Merkezköyler
Muş#Hasköy#Hasköy
Muş#Hasköy#Merkezköyler
Muş#Korkut#Korkut
Muş#Korkut#Merkezköyler
Muş#Malazgirt#Aktuzla
Muş#Malazgirt#Karahasan
Muş#Malazgirt#Malazgirt
Muş#Malazgirt#Merkezköyler
Muş#Malazgirt#Nurettin
Muş#Merkez#Merkez
Muş#Merkez#Merkezköyler
Muş#Varto#Çaylar
Muş#Varto#Merkezköyler
Muş#Varto#Varto
Nevşehir#Acıgöl#Acıgöl
Nevşehir#Acıgöl#Karapınar
Nevşehir#Acıgöl#Merkezköyler
Nevşehir#Acıgöl#Tatlarin
Nevşehir#Avanos#Avanos
Nevşehir#Avanos#Çalış
Nevşehir#Avanos#Kalaba
Nevşehir#Avanos#Merkezköyler
Nevşehir#Avanos#Özkonak
Nevşehir#Derinkuyu#Derinkuyu
Nevşehir#Derinkuyu#Merkezköyler
Nevşehir#Gülşehir#Gülşehir
Nevşehir#Gülşehir#Merkezköyler
Nevşehir#Hacıbektaş#Hacıbektaş
Nevşehir#Hacıbektaş#Merkezköyler
Nevşehir#Kozaklı#Kozaklı
Nevşehir#Kozaklı#Merkezköyler
Nevşehir#Merkez#Camicedit
Nevşehir#Merkez#Çarşı
Nevşehir#Merkez#Göre
Nevşehir#Merkez#Göreme
Nevşehir#Merkez#Kavak
Nevşehir#Merkez#Kaymaklı
Nevşehir#Merkez#Merkezköyler
Nevşehir#Merkez#Nar
Nevşehir#Merkez#Sulusaray
Nevşehir#Merkez#Uçhisar
Nevşehir#Ürgüp#Merkezköyler
Nevşehir#Ürgüp#Ortahisar
Nevşehir#Ürgüp#Ürgüp
Niğde#Altunhisar#Altunhisar
Niğde#Altunhisar#Karakapı
Niğde#Altunhisar#Keçikalesi
Niğde#Altunhisar#Merkezköyler
Niğde#Bor#Bor
Niğde#Bor#Merkezköyler
Niğde#Çamardı#Çamardı
Niğde#Çamardı#Merkezköyler
Niğde#Çiftlik#Özyurt
Niğde#Merkez#Afetevleri
Niğde#Merkez#Merkezköyler
Niğde#Merkez#Sungurbey
Niğde#Ulukışla#Merkezköyler
Niğde#Ulukışla#Ulukışla
Ordu#Akkuş#Akkuş
Ordu#Altınordu#Bahcelievler
Ordu#Altınordu#Düz mahalle
Ordu#Altınordu#Saraycık
Ordu#Aybastı#Aybastı
Ordu#Çamaş#Çamaş
Ordu#Çatalpınar#Çatalpınar
Ordu#Çaybaşı#Çaybaşı
Ordu#Fatsa#Fatsa
Ordu#Gölköy#Gölköy
Ordu#Gülyalı#Gülyalı
Ordu#Gürgentepe#Gürgentepe
Ordu#İkizce#İkizce
Ordu#Kabadüz#Karadüz
Ordu#Kabataş#Kabataş
Ordu#Korgan#Korgan
Ordu#Kumru#Kumru
Ordu#Mesudiye#Mesudiye
Ordu#Perşembe#Perşembe
Ordu#Ulubey#Ulubey
Ordu#Ünye#Ünye
Osmaniye#Bahçe#Bahçe
Osmaniye#Bahçe#Merkezköyler
Osmaniye#Düziçi#Düziçi
Osmaniye#Düziçi#Merkezköyler
Osmaniye#Hasanbeyli#Hasanbeyli
Osmaniye#Hasanbeyli#Merkezköyler
Osmaniye#Kadirli#Cemalpaşa
Osmaniye#Kadirli#Kadirli
Osmaniye#Kadirli#Merkezköyler
Osmaniye#Merkez#Atatürk
Osmaniye#Merkez#Merkezköyler
Osmaniye#Sumbas#Sumbas
Osmaniye#Toprakkale#Merkezköyler
Osmaniye#Toprakkale#Toprakkale
Rize#Ardeşen#Ardeşen
Rize#Ardeşen#Merkezköyler
Rize#Çamlıhemşin#Çamlıhemşin
Rize#Çamlıhemşin#Merkezköyler
Rize#Çayeli#Büyükköy
Rize#Çayeli#Çayeli
Rize#Çayeli#Merkezköyler
Rize#Derepazarı#Derepazarı
Rize#Derepazarı#Merkezköyler
Rize#Fındıklı#Fındıklı
Rize#Fındıklı#Merkezköyler
Rize#Güneysu#Güneysu
Rize#Güneysu#Merkezköyler
Rize#Hemşin#Hemşin
Rize#Hemşin#Merkezköyler
Rize#İkizdere#İkizdere
Rize#İkizdere#Merkezköyler
Rize#İyidere#İyidere
Rize#İyidere#Merkezköyler
Rize#Kalkandere#Kalkandere
Rize#Kalkandere#Merkezköyler
Rize#Merkez#Gündoğdu
Rize#Merkez#Merkezköyler
Rize#Merkez#Rize
Rize#Pazar#Merkezköyler
Rize#Pazar#Pazar
Sakarya#Adapazarı#Adapazarı
Sakarya#Adapazarı#Karaman
Sakarya#Akyazı#Akyazı
Sakarya#Arifiye#Arifiye
Sakarya#Erenler#Erenler
Sakarya#Ferizli#Ferizli
Sakarya#Geyve#Geyve
Sakarya#Hendek#Hendek
Sakarya#Karapürçek#Karapürçek
Sakarya#Karasu#Karasu
Sakarya#Kaynarca#Kaynarca
Sakarya#Kocaali#Kocaali
Sakarya#Pamukova#Pamukova
Sakarya#Sapanca#Sapanca
Sakarya#Serdivan#Serdivan
Sakarya#Serdivan#Yazlık
Sakarya#Söğütlü#Söğütlü
Sakarya#Taraklı#Taraklı
Samsun#19 mayıs#19 mayıs ballıca
Samsun#Alaçam#Alaçam
Samsun#Asarcık#Asarcık
Samsun#Atakum#Atakum
Samsun#Atakum#Kurupelit
Samsun#Ayvacık#Ayvacık
Samsun#Bafra#Bafra
Samsun#Canik#Canik
Samsun#Çarşamba#Çarşamba
Samsun#Havza#Havza
Samsun#İlkadım#Bahçelievler
Samsun#İlkadım#İstasyon
Samsun#İlkadım#Kadıköy
Samsun#İlkadım#Kale
Samsun#İlkadım#Liman
Samsun#İlkadım#Rasathane
Samsun#İlkadım#Unkapanı
Samsun#İlkadım#Yeşilkent
Samsun#Kavak#Kavak
Samsun#Ladik#Ladik
Samsun#Salıpazarı#Salıpazarı
Samsun#Tekkeköy#Aşağıçinik
Samsun#Tekkeköy#Büyüklü
Samsun#Tekkeköy#Kutlukent
Samsun#Tekkeköy#Tekkeköy
Samsun#Terme#Terme
Samsun#Vezirköprü#Merkezköyler
Samsun#Vezirköprü#Vezirköprü
Samsun#Yakakent#Yakakent
Siirt#Baykan#Baykan
Siirt#Baykan#Dilektepe
Siirt#Baykan#Merkezköyler
Siirt#Eruh#Bağgöze
Siirt#Eruh#Eruh
Siirt#Eruh#Merkezköyler
Siirt#Kurtalan#Kurtalan
Siirt#Kurtalan#Merkezköyler
Siirt#Merkez#Siirt
Siirt#Pervari#Merkezköyler
Siirt#Pervari#Pervari
Siirt#Şirvan#Cevizlik
Siirt#Şirvan#Merkezköyler
Siirt#Şirvan#Özpınar
Siirt#Şirvan#Şirvan
Siirt#Tillo#Aydınlar
Siirt#Tillo#Merkezköyler
Sinop#Ayancık#Ayancık
Sinop#Ayancık#Merkezköyler
Sinop#Boyabat#Boyabat
Sinop#Boyabat#Merkezköyler
Sinop#Dikmen#Dikmen
Sinop#Dikmen#Merkezköyler
Sinop#Durağan#Durağan
Sinop#Durağan#Merkezköyler
Sinop#Erfelek#Erfelek
Sinop#Erfelek#Merkezköyler
Sinop#Gerze#Gerze
Sinop#Gerze#Merkezköyler
Sinop#Merkez#Sinop
Sinop#Saraydüzü#Merkezköyler
Sinop#Saraydüzü#Saraydüzü
Sinop#Türkeli#Merkezköyler
Sinop#Türkeli#Türkeli
Sivas#Akıncılar#Akıncılar
Sivas#Akıncılar#Merkezköyler
Sivas#Altınyayla#Altınyayla
Sivas#Altınyayla#Merkezköyler
Sivas#Divriği#Divriği
Sivas#Divriği#Merkezköyler
Sivas#Doğanşar#Doğanşar
Sivas#Doğanşar#Merkezköyler
Sivas#Gemerek#Çepni
Sivas#Gemerek#Eğerci
Sivas#Gemerek#Gemerek
Sivas#Gemerek#İnkışla
Sivas#Gemerek#Merkezköyler
Sivas#Gemerek#Sızır
Sivas#Gemerek#Yeniçubuk
Sivas#Gölova#Gölova
Sivas#Gölova#Merkezköyler
Sivas#Gürün#Gürün
Sivas#Gürün#Merkezköyler
Sivas#Hafik#Hafik
Sivas#Hafik#Merkezköyler
Sivas#İmranlı#İmranlı
Sivas#İmranlı#Merkezköyler
Sivas#Kangal#Kangal
Sivas#Kangal#Merkezköyler
Sivas#Koyulhisar#Koyulhisar
Sivas#Koyulhisar#Merkezköyler
Sivas#Merkez#Alibaba
Sivas#Merkez#Aydoğan
Sivas#Merkez#Çarşı
Sivas#Merkez#Kümbet
Sivas#Merkez#Merkez-köyler
Sivas#Merkez#Yenişehir
Sivas#Suşehri#Merkezköyler
Sivas#Suşehri#Suşehri
Sivas#Şarkışla#Merkezköyler
Sivas#Şarkışla#Şarkışla
Sivas#Ulaş#Merkezköyler
Sivas#Ulaş#Ulaş
Sivas#Yıldızeli#Merkezköyler
Sivas#Yıldızeli#Yıldızeli
Sivas#Zara#Merkezköyler
Sivas#Zara#Zara
Şanlıurfa#Akçakale#Akçakale
Şanlıurfa#Birecik#Birecik
Şanlıurfa#Bozova#Bozova
Şanlıurfa#Bozova#Yaylak
Şanlıurfa#Ceylanpınar#Ceylanpınar
Şanlıurfa#Eyyübiye#Çarşı
Şanlıurfa#Eyyübiye#Eyyübiye
Şanlıurfa#Halfeti#Halfeti
Şanlıurfa#Haliliye#Bağlarbaşı
Şanlıurfa#Haliliye#Bahçelievler
Şanlıurfa#Haliliye#Şairnabi
Şanlıurfa#Haliliye#Yenişehir
Şanlıurfa#Harran#Harran
Şanlıurfa#Hilvan#Hilvan
Şanlıurfa#Karaköprü#Karaköprü
Şanlıurfa#Siverek#Siverek
Şanlıurfa#Suruç#Suruç
Şanlıurfa#Viranşehir#Viranşehir
Şırnak#Beytüşşebap#Beytüşşebap
Şırnak#Beytüşşebap#Merkezköyler
Şırnak#Cizre#Cizre
Şırnak#Cizre#Merkezköyler
Şırnak#Güçlükonak#Güçlükonak
Şırnak#Güçlükonak#Merkezköyler
Şırnak#İdil#İdil
Şırnak#İdil#Merkezköyler
Şırnak#Merkez#Şırnak
Şırnak#Silopi#Merkezköyler
Şırnak#Silopi#Silopi
Şırnak#Uludere#Merkezköyler
Şırnak#Uludere#Uludere
Tekirdağ#Çerkezköy#Çerkezköy
Tekirdağ#Çorlu#Çorlu
Tekirdağ#Çorlu#Silahtar
Tekirdağ#Ergene#Marmaracık
Tekirdağ#Hayrabolu#Hayrabolu
Tekirdağ#Kapaklı#Kapaklı
Tekirdağ#Malkara#Malkara
Tekirdağ#Marmaraereğlisi#Marmaraereğlisi
Tekirdağ#Muratlı#Muratlı
Tekirdağ#Saray#Saray
Tekirdağ#Süleymanpaşa#Altınova
Tekirdağ#Süleymanpaşa#Aydoğdu
Tekirdağ#Süleymanpaşa#Eskicami
Tekirdağ#Süleymanpaşa#Kumbağ
Tekirdağ#Süleymanpaşa#Süleymanpaşa
Tekirdağ#Şarköy#Şarköy
Tokat#Almus#Almus
Tokat#Almus#Merkezköyler
Tokat#Artova#Artova
Tokat#Artova#Merkezköyler
Tokat#Başçiftlik#Başçiftlik
Tokat#Başçiftlik#Merkezköyler
Tokat#Erbaa#Erbaa
Tokat#Erbaa#Karayaka
Tokat#Erbaa#Merkezköyler
Tokat#Merkez#Geyras
Tokat#Merkez#Gökdere
Tokat#Merkez#Karşıyaka
Tokat#Merkez#Merkezköyler
Tokat#Niksar#Gökçeli
Tokat#Niksar#Merkezköyler
Tokat#Niksar#Niksar
Tokat#Pazar#Merkezköyler
Tokat#Pazar#Pazar
Tokat#Reşadiye#Bereketli
Tokat#Reşadiye#Merkezköyler
Tokat#Reşadiye#Reşadiye
Tokat#Sulusaray#Merkezköyler
Tokat#Sulusaray#Sulusaray
Tokat#Turhal#Merkezköyler
Tokat#Turhal#Turhal
Tokat#Yeşilyurt#Merkezköyler
Tokat#Yeşilyurt#Yeşilyurt
Tokat#Zile#Merkezköyler
Tokat#Zile#Zile
Trabzon#Akçaabat#Akçaabat
Trabzon#Araklı#Araklı
Trabzon#Arsin#Arsin
Trabzon#Beşikdüzü#Beşikdüzü
Trabzon#Çarşıbaşı#Çarşıbaşı
Trabzon#Çaykara#Çaykara
Trabzon#Dernekpazarı#Dernekpazarı
Trabzon#Düzköy#Düzköy
Trabzon#Hayrat#Hayrat
Trabzon#Köprübaşı#Köprübaşı
Trabzon#Maçka#Maçka
Trabzon#Of#Of
Trabzon#Ortahisar#Beşirli
Trabzon#Ortahisar#Bostancı
Trabzon#Ortahisar#Boztepe
Trabzon#Ortahisar#Çarşı
Trabzon#Ortahisar#Erdoğdu
Trabzon#Sürmene#Sürmene
Trabzon#Şalpazarı#Şalpazarı
Trabzon#Tonya#Tonya
Trabzon#Vakfıkebir#Vakfıkebir
Trabzon#Yomra#Yomra
Tunceli#Çemişgezek#Çemişgezek
Tunceli#Çemişgezek#Merkezköyler
Tunceli#Hozat#Hozat
Tunceli#Hozat#Merkezköyler
Tunceli#Mazgirt#Mazgirt
Tunceli#Mazgirt#Merkezköyler
Tunceli#Merkez#Tunceli
Tunceli#Nazımiye#Merkezköyler
Tunceli#Nazımiye#Nazımiye
Tunceli#Ovacık#Merkezköyler
Tunceli#Ovacık#Ovacık
Tunceli#Pertek#Merkezköyler
Tunceli#Pertek#Pertek
Tunceli#Pülümür#Merkezköyler
Tunceli#Pülümür#Pülümür
Uşak#Banaz#Banaz
Uşak#Banaz#Merkezköyler
Uşak#Eşme#Eşme
Uşak#Eşme#Merkezköyler
Uşak#Karahallı#Karahallı
Uşak#Karahallı#Merkezköyler
Uşak#Merkez#Cumhuriyet
Uşak#Merkez#Merkezköyler
Uşak#Sivaslı#Sivaslı
Uşak#Ulubey#Merkezköyler
Uşak#Ulubey#Ulubey
Van#Bahçesaray#Bahçesaray
Van#Başkale#Başkale
Van#Çaldıran#Çaldıran
Van#Çatak#Çatak
Van#Edremit#Gümüşdere
Van#Edremit#Süphan
Van#Erciş#Erciş
Van#Gevaş#Gevaş
Van#Gürpınar#Gürpınar
Van#İpekyolu#Erçek
Van#İpekyolu#Valimitatbey
Van#Muradiye#Muradiye
Van#Özalp#Özalp
Van#Saray#Saray
Van#Tuşba#İskele
Van#Tuşba#İstasyon
Yalova#Altınova#Altınova
Yalova#Altınova#Merkezköyler
Yalova#Armutlu#Armutlu
Yalova#Armutlu#Merkezköyler
Yalova#Çınarcık#Çınarcık
Yalova#Çınarcık#Merkezköyler
Yalova#Çiftlikköy#Çiftlikköy
Yalova#Çiftlikköy#Merkezköyler
Yalova#Merkez#Bağlarbaşı
Yalova#Merkez#Merkezköyler
Yalova#Termal#Termal
Yozgat#Akdağmadeni#Akdağmadeni
Yozgat#Akdağmadeni#Merkezköyler
Yozgat#Aydıncık#Aydıncık
Yozgat#Aydıncık#Merkezköyler
Yozgat#Boğazlıyan#Boğazlıyan
Yozgat#Boğazlıyan#Merkezköyler
Yozgat#Çandır#Çandır
Yozgat#Çandır#Merkezköyler
Yozgat#Çayıralan#Çayıralan
Yozgat#Çayıralan#Merkezköyler
Yozgat#Çekerek#Çekerek
Yozgat#Çekerek#Merkezköyler
Yozgat#Kadışehri#Kadışehri
Yozgat#Kadışehri#Merkezköyler
Yozgat#Merkez#Yozgat
Yozgat#Saraykent#Merkezköyler
Yozgat#Saraykent#Saraykent
Yozgat#Sarıkaya#Merkezköyler
Yozgat#Sarıkaya#Sarıkaya
Yozgat#Sorgun#Merkezköyler
Yozgat#Sorgun#Sorgun
Yozgat#Şefaatli#Merkezköyler
Yozgat#Şefaatli#Şefaatli
Yozgat#Yenifakılı#Merkezköyler
Yozgat#Yenifakılı#Yenifakılı
Yozgat#Yerköy#Merkezköyler
Yozgat#Yerköy#Yerköy
Zonguldak#Alaplı#Alaplı
Zonguldak#Alaplı#Merkezköyler
Zonguldak#Çaycuma#Çaycuma
Zonguldak#Çaycuma#Hisarönü(filyos)
Zonguldak#Çaycuma#Merkezköyler
Zonguldak#Çaycuma#Perşembe
Zonguldak#Çaycuma#Saltukova
Zonguldak#Devrek#Devrek
Zonguldak#Devrek#Eğerci
Zonguldak#Devrek#Merkezköyler
Zonguldak#Ereğli#Karadenizereğli
Zonguldak#Ereğli#Merkezköyler
Zonguldak#Ereğli#Ormanlı
Zonguldak#Gökçebey#Gökçebey
Zonguldak#Gökçebey#Merkezköyler
Zonguldak#Kilimli#Kilimli
Zonguldak#Kilimli#Merkezköyler
Zonguldak#Kozlu#Kozlu
Zonguldak#Kozlu#Merkezköyler
Zonguldak#Merkez#Beycuma
Zonguldak#Merkez#Merkezköyler
Zonguldak#Merkez#Zonguldak
